file_path,file_name,parent_dir,source_subdir,experiment_id,server_config_label,model_name,date,offload_gb,run_concurrency,run_id,num_prompts,num_warmups,input_len,output_len,temperature,request_rate,burstiness,max_concurrency,duration,completed,failed,total_input_tokens,total_output_tokens,request_throughput,output_throughput,total_token_throughput,mean_ttft_ms,median_ttft_ms,std_ttft_ms,p50_ttft_ms,p95_ttft_ms,p99_ttft_ms,mean_tpot_ms,median_tpot_ms,std_tpot_ms,p50_tpot_ms,p95_tpot_ms,p99_tpot_ms,mean_itl_ms,median_itl_ms,std_itl_ms,p50_itl_ms,p95_itl_ms,p99_itl_ms,mean_e2el_ms,median_e2el_ms,std_e2el_ms,p50_e2el_ms,p95_e2el_ms,p99_e2el_ms
data/raw/baseline/qwen/bench_runs_offload_paper1_qwen_fullrep_offload0_20260601_102512/qwen_offload0_conc1_run1.json,qwen_offload0_conc1_run1.json,bench_runs_offload_paper1_qwen_fullrep_offload0_20260601_102512,bench_runs_offload_paper1_qwen_fullrep_offload0_20260601_102512,offload_paper1_qwen_fullrep,qwen25_7b_offload0,Qwen/Qwen2.5-7B-Instruct,20260601-102547,0,1,1,20,1,256,64,0.0,inf,1.0,1,26.56786038600012,20,0,5120,1280,0.752789261514599,48.17851273693434,240.89256368467167,100.69403324996529,104.36635299993213,16.497347723877937,104.36635299993213,105.47697485005756,106.02888457001882,19.48388867222237,19.489202333333527,0.019608221994079193,19.489202333333527,19.508027792067473,19.51770437746341,19.17926841093731,19.478258999924947,2.428452898083532,19.478258999924947,19.6899074500152,19.985949499919116,1328.1790195999747,1332.0574484998815,16.603960658521412,1332.0574484998815,1333.7501183002587,1334.1539412600014
data/raw/baseline/qwen/bench_runs_offload_paper1_qwen_fullrep_offload0_20260601_102512/qwen_offload0_conc1_run2.json,qwen_offload0_conc1_run2.json,bench_runs_offload_paper1_qwen_fullrep_offload0_20260601_102512,bench_runs_offload_paper1_qwen_fullrep_offload0_20260601_102512,offload_paper1_qwen_fullrep,qwen25_7b_offload0,Qwen/Qwen2.5-7B-Instruct,20260601-102622,0,1,2,20,1,256,64,0.0,inf,1.0,1,25.172109165000165,20,0,5120,1280,0.7945301630825765,50.8499304372849,254.24965218642447,28.090025950086783,27.898967500050276,0.6418183547676565,27.898967500050276,29.065646550179736,29.104901310120113,19.528330340475055,19.523207999998792,0.013081357290516996,19.523207999998792,19.549946105553317,19.565708903648904,19.223035856249027,19.51991949999865,2.42835153314801,19.51991949999865,19.70193794966235,20.28929120996509,1258.3748374000152,1258.220945499943,1.2040761727689095,1258.220945499943,1259.7996464501193,1261.172517290106
data/raw/baseline/qwen/bench_runs_offload_paper1_qwen_fullrep_offload0_20260601_102512/qwen_offload0_conc1_run3.json,qwen_offload0_conc1_run3.json,bench_runs_offload_paper1_qwen_fullrep_offload0_20260601_102512,bench_runs_offload_paper1_qwen_fullrep_offload0_20260601_102512,offload_paper1_qwen_fullrep,qwen25_7b_offload0,Qwen/Qwen2.5-7B-Instruct,20260601-102656,0,1,3,20,1,256,64,0.0,inf,1.0,1,25.177271776999987,20,0,5120,1280,0.7943672442806315,50.83950363396042,254.1975181698021,27.869436000014502,27.51652350002587,0.9365173543258262,27.51652350002587,29.73917760018594,30.612669920064942,19.535907265872225,19.539343087300285,0.016260704383854206,19.539343087300285,19.55508489920234,19.55932730365035,19.23050462031206,19.532659500100635,2.439217850695519,19.532659500100635,19.641359949901016,20.254114299791585,1258.6315937499648,1258.4806325000955,0.6114577824259558,1258.4806325000955,1259.8702395996725,1259.9631511196594
data/raw/baseline/qwen/bench_runs_offload_paper1_qwen_fullrep_offload0_20260601_102512/qwen_offload0_conc1_run4.json,qwen_offload0_conc1_run4.json,bench_runs_offload_paper1_qwen_fullrep_offload0_20260601_102512,bench_runs_offload_paper1_qwen_fullrep_offload0_20260601_102512,offload_paper1_qwen_fullrep,qwen25_7b_offload0,Qwen/Qwen2.5-7B-Instruct,20260601-102730,0,1,4,20,1,256,64,0.0,inf,1.0,1,25.188547914000083,20,0,5120,1280,0.7940116305348341,50.816744354229385,254.0837217711469,27.431491349966564,27.427032500099813,0.28655013759876324,27.427032500099813,27.840606150039093,28.018220430076326,19.552364551586763,19.54801461110874,0.011156399330048397,19.54801461110874,19.573474365868982,19.57480570491931,19.246697806250523,19.545914999980596,2.438054355745226,19.545914999980596,19.660764500372352,20.217024999960817,1259.2304580999325,1259.0988140000263,0.8916169660268155,1259.0988140000263,1260.9245004998684,1260.9467304997906
data/raw/baseline/qwen/bench_runs_offload_paper1_qwen_fullrep_offload0_20260601_102512/qwen_offload0_conc1_run5.json,qwen_offload0_conc1_run5.json,bench_runs_offload_paper1_qwen_fullrep_offload0_20260601_102512,bench_runs_offload_paper1_qwen_fullrep_offload0_20260601_102512,offload_paper1_qwen_fullrep,qwen25_7b_offload0,Qwen/Qwen2.5-7B-Instruct,20260601-102804,0,1,5,20,1,256,64,0.0,inf,1.0,1,25.206333018999885,20,0,5120,1280,0.7934513911612814,50.78088903432201,253.90444517161004,27.523545899953206,27.438722499937285,0.4413138499037838,27.438722499937285,28.181775899838613,28.82778957996379,19.56470783333323,19.559343380951617,0.015096391964314957,19.559343380951617,19.59558208809215,19.59651086840704,19.258805557811698,19.563634999940405,2.4334850187698938,19.563634999940405,19.67863149995992,20.208682600291468,1260.1001393999468,1259.840402000009,0.869833144509158,1259.840402000009,1261.9696064996788,1262.0291372998145
data/raw/baseline/qwen/bench_runs_offload_paper1_qwen_fullrep_offload0_20260601_102512/qwen_offload0_conc2_run1.json,qwen_offload0_conc2_run1.json,bench_runs_offload_paper1_qwen_fullrep_offload0_20260601_102512,bench_runs_offload_paper1_qwen_fullrep_offload0_20260601_102512,offload_paper1_qwen_fullrep,qwen25_7b_offload0,Qwen/Qwen2.5-7B-Instruct,20260601-102826,0,2,1,20,1,256,64,0.0,inf,1.0,2,12.595916704000047,20,0,5120,1280,1.5878161526464096,101.62023376937022,508.1011688468511,45.93819170002007,46.620313500170596,14.257953635367265,46.620313500170596,62.07287274978626,62.40518654992229,19.23027858253973,19.225834484128455,0.018010801542020633,19.225834484128455,19.253329179363867,19.271205658096154,18.929659951562172,19.20973649998814,2.3999027448374464,19.20973649998814,19.518583000217404,20.22827760009477,1257.445742400023,1258.07835899991,14.910480872006296,1258.07835899991,1274.8386997501484,1275.2210671500734
data/raw/baseline/qwen/bench_runs_offload_paper1_qwen_fullrep_offload0_20260601_102512/qwen_offload0_conc2_run2.json,qwen_offload0_conc2_run2.json,bench_runs_offload_paper1_qwen_fullrep_offload0_20260601_102512,bench_runs_offload_paper1_qwen_fullrep_offload0_20260601_102512,offload_paper1_qwen_fullrep,qwen25_7b_offload0,Qwen/Qwen2.5-7B-Instruct,20260601-102848,0,2,2,20,1,256,64,0.0,inf,1.0,2,12.723093905000042,20,0,5120,1280,1.5719446975189117,100.60446064121035,503.02230320605173,57.90226700005405,60.458198499873106,7.3806886658791315,60.458198499873106,61.21655675015064,62.385980149920215,19.24240126587241,19.245519063490843,0.01486043509320066,19.245519063490843,19.25887264523666,19.261277538569644,18.94157567890602,19.217986000057863,2.396833333910487,19.217986000057863,19.608480950137164,20.351658099707493,1270.1735467500157,1272.9435649998777,7.995890689010424,1272.9435649998777,1274.2822204498225,1274.968537689856
data/raw/baseline/qwen/bench_runs_offload_paper1_qwen_fullrep_offload0_20260601_102512/qwen_offload0_conc2_run3.json,qwen_offload0_conc2_run3.json,bench_runs_offload_paper1_qwen_fullrep_offload0_20260601_102512,bench_runs_offload_paper1_qwen_fullrep_offload0_20260601_102512,offload_paper1_qwen_fullrep,qwen25_7b_offload0,Qwen/Qwen2.5-7B-Instruct,20260601-102909,0,2,3,20,1,256,64,0.0,inf,1.0,2,12.688628764999976,20,0,5120,1280,1.576214449205697,100.87772474916461,504.38862374582305,54.74505689999205,60.44687300004625,11.46704687117385,60.44687300004625,61.435336799877405,62.602906560241536,19.23767944761869,19.242221571424864,0.013914607044919525,19.242221571424864,19.25522443729899,19.25694289380815,18.93690943515587,19.218600999920454,2.408287567868583,19.218600999920454,19.606159999830197,20.345205399830775,1266.7188620999696,1272.837683500029,11.992650457649168,1272.837683500029,1273.9943137498813,1274.3536227500044
data/raw/baseline/qwen/bench_runs_offload_paper1_qwen_fullrep_offload0_20260601_102512/qwen_offload0_conc2_run4.json,qwen_offload0_conc2_run4.json,bench_runs_offload_paper1_qwen_fullrep_offload0_20260601_102512,bench_runs_offload_paper1_qwen_fullrep_offload0_20260601_102512,offload_paper1_qwen_fullrep,qwen25_7b_offload0,Qwen/Qwen2.5-7B-Instruct,20260601-102931,0,2,4,20,1,256,64,0.0,inf,1.0,2,12.690236940999966,20,0,5120,1280,1.5760147027187057,100.86494097399716,504.32470486998585,54.86625219994039,60.301766500060694,10.765423009313213,60.301766500060694,61.153365650011445,62.79020272992511,19.238441411905463,19.244541341271944,0.019655305654181617,19.244541341271944,19.257026176984933,19.260510390954625,18.93766717890699,19.22090599987314,2.414214121130986,19.22090599987314,19.5975760002284,20.82541660024617,1266.8880611499844,1272.7053315002195,11.50335656786319,1272.7053315002195,1273.707634050038,1274.547009209905
data/raw/baseline/qwen/bench_runs_offload_paper1_qwen_fullrep_offload0_20260601_102512/qwen_offload0_conc2_run5.json,qwen_offload0_conc2_run5.json,bench_runs_offload_paper1_qwen_fullrep_offload0_20260601_102512,bench_runs_offload_paper1_qwen_fullrep_offload0_20260601_102512,offload_paper1_qwen_fullrep,qwen25_7b_offload0,Qwen/Qwen2.5-7B-Instruct,20260601-102953,0,2,5,20,1,256,64,0.0,inf,1.0,2,12.718998102000114,20,0,5120,1280,1.5724508990102701,100.63685753665729,503.18428768328647,57.95276239998657,60.38894700009223,7.370365104020352,60.38894700009223,61.612925350254955,62.92028266978378,19.23535376269849,19.235471888892096,0.012846496335458799,19.235471888892096,19.26035379603043,19.263133019518744,18.934616632031265,19.2192864997196,2.3980156099895042,19.2192864997196,19.644359450376214,20.349288199968214,1269.7800494499916,1272.4796044999493,7.761930930723164,1272.4796044999493,1273.9510702997904,1274.3497100597415
data/raw/baseline/qwen/bench_runs_offload_paper1_qwen_fullrep_offload0_20260601_102512/qwen_offload0_conc4_run1.json,qwen_offload0_conc4_run1.json,bench_runs_offload_paper1_qwen_fullrep_offload0_20260601_102512,bench_runs_offload_paper1_qwen_fullrep_offload0_20260601_102512,offload_paper1_qwen_fullrep,qwen25_7b_offload0,Qwen/Qwen2.5-7B-Instruct,20260601-103008,0,4,1,20,1,256,64,0.0,inf,1.0,4,6.371226068999931,20,0,5120,1280,3.1391132230125574,200.90324627280367,1004.5162313640184,53.14834729999802,60.309837000204425,10.60054572877869,60.309837000204425,62.7998696001896,62.934565919972556,19.346267290476383,19.351762158734463,0.011624499874690103,19.351762158734463,19.35781322539776,19.361921616503363,19.043836750000054,19.328832500150384,2.4088697743965852,19.328832500150384,19.598485049914416,20.300631200084354,1271.96318660001,1278.6686485001155,10.449559000114158,1278.6686485001155,1281.981201599956,1282.104969120228
data/raw/baseline/qwen/bench_runs_offload_paper1_qwen_fullrep_offload0_20260601_102512/qwen_offload0_conc4_run2.json,qwen_offload0_conc4_run2.json,bench_runs_offload_paper1_qwen_fullrep_offload0_20260601_102512,bench_runs_offload_paper1_qwen_fullrep_offload0_20260601_102512,offload_paper1_qwen_fullrep,qwen25_7b_offload0,Qwen/Qwen2.5-7B-Instruct,20260601-103024,0,4,2,20,1,256,64,0.0,inf,1.0,4,6.396106739000061,20,0,5120,1280,3.1269021634755756,200.12173846243684,1000.6086923121843,58.35406720004812,60.49258899997767,6.7692156937201,60.49258899997767,63.32550460017501,63.4241769200662,19.343367869047746,19.347655841271724,0.01460567406220765,19.347655841271724,19.3603563817446,19.36098514301388,19.040994822656643,19.32229199996982,2.412460036537404,19.32229199996982,19.692248949968416,20.328566499988483,1276.9862429500563,1279.6798095002941,6.625662042000559,1279.6798095002941,1281.5221870502228,1281.6113054102334
data/raw/baseline/qwen/bench_runs_offload_paper1_qwen_fullrep_offload0_20260601_102512/qwen_offload0_conc4_run3.json,qwen_offload0_conc4_run3.json,bench_runs_offload_paper1_qwen_fullrep_offload0_20260601_102512,bench_runs_offload_paper1_qwen_fullrep_offload0_20260601_102512,offload_paper1_qwen_fullrep,qwen25_7b_offload0,Qwen/Qwen2.5-7B-Instruct,20260601-103039,0,4,3,20,1,256,64,0.0,inf,1.0,4,6.382798820000062,20,0,5120,1280,3.1334216484046737,200.53898549789912,1002.6949274894956,54.76051674995688,59.40973249994386,9.256303093599874,59.40973249994386,61.30982654976833,61.353823710014694,19.32902573253917,19.32880651587232,0.009656299683956513,19.32880651587232,19.349146573810884,19.35110234333327,19.026881306249877,19.318167499932315,2.4101338822766802,19.318167499932315,19.685053450257328,20.319943810027326,1272.4891378999246,1277.370675499924,9.352461015000433,1277.370675499924,1278.6420619999944,1278.681247599975
data/raw/baseline/qwen/bench_runs_offload_paper1_qwen_fullrep_offload0_20260601_102512/qwen_offload0_conc4_run4.json,qwen_offload0_conc4_run4.json,bench_runs_offload_paper1_qwen_fullrep_offload0_20260601_102512,bench_runs_offload_paper1_qwen_fullrep_offload0_20260601_102512,offload_paper1_qwen_fullrep,qwen25_7b_offload0,Qwen/Qwen2.5-7B-Instruct,20260601-103055,0,4,4,20,1,256,64,0.0,inf,1.0,4,6.404622047999965,20,0,5120,1280,3.1227447693413226,199.85566523784465,999.2783261892233,59.957890599957864,60.32834199982062,7.826301438244533,60.32834199982062,68.55673814995953,68.81863642998269,19.34503452698411,19.347508698411545,0.012747946050481823,19.347508698411545,19.36430233333181,19.364601025396357,19.042646853906575,19.329627999923105,2.410666168366669,19.329627999923105,19.810160500128404,20.2319016998581,1278.6950657999569,1279.220314499753,7.747916701615649,1279.220314499753,1286.3665741501109,1286.633929229797
data/raw/baseline/qwen/bench_runs_offload_paper1_qwen_fullrep_offload0_20260601_102512/qwen_offload0_conc4_run5.json,qwen_offload0_conc4_run5.json,bench_runs_offload_paper1_qwen_fullrep_offload0_20260601_102512,bench_runs_offload_paper1_qwen_fullrep_offload0_20260601_102512,offload_paper1_qwen_fullrep,qwen25_7b_offload0,Qwen/Qwen2.5-7B-Instruct,20260601-103110,0,4,5,20,1,256,64,0.0,inf,1.0,4,6.389809372999935,20,0,5120,1280,3.129983827766407,200.31896497705006,1001.5948248852502,53.98888485003681,61.22458100003314,11.103333690490512,61.22458100003314,61.87266345032185,63.253529490084475,19.33056730714191,19.339750444444128,0.018673525201917243,19.339750444444128,19.34499886587334,19.34520214777328,19.028361360156154,19.31722749986875,2.411645904878958,19.31722749986875,19.6718079997936,20.327866300235655,1271.814625199977,1279.6781040001406,11.829717860267348,1279.6781040001406,1280.3026136498602,1280.4867259299544
data/raw/baseline/qwen/bench_runs_offload_paper1_qwen_fullrep_offload0_20260601_102512/qwen_offload0_conc8_run1.json,qwen_offload0_conc8_run1.json,bench_runs_offload_paper1_qwen_fullrep_offload0_20260601_102512,bench_runs_offload_paper1_qwen_fullrep_offload0_20260601_102512,offload_paper1_qwen_fullrep,qwen25_7b_offload0,Qwen/Qwen2.5-7B-Instruct,20260601-103123,0,8,1,20,1,256,64,0.0,inf,1.0,8,3.919699249000132,20,0,5120,1280,5.102432286125461,326.55566631202953,1632.7783315601478,70.60170195004503,71.07339950016467,12.33006782453937,71.07339950016467,83.33172875004493,83.73203215002832,19.667867314284294,19.720315531743374,0.17470251713607293,19.720315531743374,19.88106590316846,19.912639415553553,19.3604382539057,19.70350699980372,2.509685367989858,19.70350699980372,19.99354994989062,20.952278009854126,1309.6773427499556,1314.8519324997778,17.87712712479121,1314.8519324997778,1325.618011800202,1326.0912759599933
data/raw/baseline/qwen/bench_runs_offload_paper1_qwen_fullrep_offload0_20260601_102512/qwen_offload0_conc8_run2.json,qwen_offload0_conc8_run2.json,bench_runs_offload_paper1_qwen_fullrep_offload0_20260601_102512,bench_runs_offload_paper1_qwen_fullrep_offload0_20260601_102512,offload_paper1_qwen_fullrep,qwen25_7b_offload0,Qwen/Qwen2.5-7B-Instruct,20260601-103136,0,8,2,20,1,256,64,0.0,inf,1.0,8,3.9179172799999833,20,0,5120,1280,5.104753002850557,326.70419218243563,1633.5209609121782,70.54556639998282,70.92954249992545,12.282630641931144,70.92954249992545,83.6159666999265,83.93183334015703,19.66115725396798,19.719661166665528,0.17251761735515453,19.719661166665528,19.871385440473247,19.876820948413208,19.353838982811666,19.688556000119206,2.507760064872841,19.688556000119206,20.006937000243852,20.682967929983544,1309.1984733999652,1313.1109999999353,18.451606843028895,1313.1109999999353,1327.1486247000894,1327.4558577400376
data/raw/baseline/qwen/bench_runs_offload_paper1_qwen_fullrep_offload0_20260601_102512/qwen_offload0_conc8_run3.json,qwen_offload0_conc8_run3.json,bench_runs_offload_paper1_qwen_fullrep_offload0_20260601_102512,bench_runs_offload_paper1_qwen_fullrep_offload0_20260601_102512,offload_paper1_qwen_fullrep,qwen25_7b_offload0,Qwen/Qwen2.5-7B-Instruct,20260601-103149,0,8,3,20,1,256,64,0.0,inf,1.0,8,3.9144603240001743,20,0,5120,1280,5.109261135532998,326.9927126741119,1634.9635633705595,70.83621170002061,71.87620300010167,12.407737822797204,71.87620300010167,83.65021904985497,83.71015340987014,19.641951126983795,19.705085134918345,0.17960964439242977,19.705085134918345,19.858325784918403,19.867894655397265,19.334907202343388,19.672345999879326,2.5200296573365057,19.672345999879326,20.112867500210996,20.66790340006264,1308.2791326999995,1313.226775999965,18.897246980205413,1313.226775999965,1325.8655355500423,1325.9191543097995
data/raw/baseline/qwen/bench_runs_offload_paper1_qwen_fullrep_offload0_20260601_102512/qwen_offload0_conc8_run4.json,qwen_offload0_conc8_run4.json,bench_runs_offload_paper1_qwen_fullrep_offload0_20260601_102512,bench_runs_offload_paper1_qwen_fullrep_offload0_20260601_102512,offload_paper1_qwen_fullrep,qwen25_7b_offload0,Qwen/Qwen2.5-7B-Instruct,20260601-103203,0,8,4,20,1,256,64,0.0,inf,1.0,8,3.915386103000401,20,0,5120,1280,5.1080530690635575,326.9153964200677,1634.5769821003385,70.76103680005872,72.32296749998568,12.033251447919215,72.32296749998568,82.40631119995214,82.67045984002378,19.64706287936455,19.710214634923908,0.18148008618199005,19.710214634923908,19.85970813570785,19.88470068746095,19.339970248437766,19.66090099995199,2.5222998594879105,19.66090099995199,20.14756595012841,21.42966481012536,1308.5259982000252,1314.776047000123,18.303593068670413,1314.776047000123,1324.1100280002229,1324.1303656001128
data/raw/baseline/qwen/bench_runs_offload_paper1_qwen_fullrep_offload0_20260601_102512/qwen_offload0_conc8_run5.json,qwen_offload0_conc8_run5.json,bench_runs_offload_paper1_qwen_fullrep_offload0_20260601_102512,bench_runs_offload_paper1_qwen_fullrep_offload0_20260601_102512,offload_paper1_qwen_fullrep,qwen25_7b_offload0,Qwen/Qwen2.5-7B-Instruct,20260601-103215,0,8,5,20,1,256,64,0.0,inf,1.0,8,3.915072069999951,20,0,5120,1280,5.10846279261476,326.94161872734463,1634.7080936367233,70.67285824996361,71.28304649995698,12.235707666494761,71.28304649995698,83.49619124971923,83.83434944991222,19.648347960316773,19.710442428572968,0.18414384319038157,19.710442428572968,19.86046572936911,19.87110451095615,19.341202544530844,19.675756000196998,2.510778849890462,19.675756000196998,20.13865299986719,20.681393709883196,1308.5187797499202,1312.9094579999219,19.11535975453418,1312.9094579999219,1326.6785872998526,1327.0247110597893
data/raw/baseline/qwen/bench_runs_offload_paper1_qwen_fullrep_offload0_20260601_102512/qwen_offload0_conc12_run1.json,qwen_offload0_conc12_run1.json,bench_runs_offload_paper1_qwen_fullrep_offload0_20260601_102512,bench_runs_offload_paper1_qwen_fullrep_offload0_20260601_102512,offload_paper1_qwen_fullrep,qwen25_7b_offload0,Qwen/Qwen2.5-7B-Instruct,20260601-103227,0,12,1,20,1,256,64,0.0,inf,1.0,12,2.6968591999998353,20,0,5120,1280,7.4160341778322065,474.6261873812612,2373.130936906306,92.41761164994386,112.57787950012244,24.348930799526695,112.57787950012244,114.76564759987014,114.91545271988798,20.00542436746097,20.156060500001995,0.2697576841004859,20.156060500001995,20.187753375402973,20.581804363969674,19.69274486093795,20.05453500009935,2.762945146539832,20.05453500009935,20.486799050240734,21.42484959995727,1352.759346799985,1382.4420109999664,34.648894208865066,1382.4420109999664,1384.9447716000668,1385.0913695201325
data/raw/baseline/qwen/bench_runs_offload_paper1_qwen_fullrep_offload0_20260601_102512/qwen_offload0_conc12_run2.json,qwen_offload0_conc12_run2.json,bench_runs_offload_paper1_qwen_fullrep_offload0_20260601_102512,bench_runs_offload_paper1_qwen_fullrep_offload0_20260601_102512,offload_paper1_qwen_fullrep,qwen25_7b_offload0,Qwen/Qwen2.5-7B-Instruct,20260601-103239,0,12,2,20,1,256,64,0.0,inf,1.0,12,2.697031941000205,20,0,5120,1280,7.415559191554447,474.5957882594846,2372.9789412974233,87.96192444999633,91.73769599988191,22.291218495067014,91.73769599988191,109.64834514957147,109.8972626296654,20.05303123650777,20.183939277778396,0.29942352860107924,20.183939277778396,20.63498521667014,20.651416090951308,19.739583393750237,20.020459999841478,2.8723186695848435,20.020459999841478,20.476379499814357,21.510713309835413,1351.302892349986,1369.8685839999598,31.06072299705879,1369.8685839999598,1381.614230649575,1381.8891629296559
data/raw/baseline/qwen/bench_runs_offload_paper1_qwen_fullrep_offload0_20260601_102512/qwen_offload0_conc12_run3.json,qwen_offload0_conc12_run3.json,bench_runs_offload_paper1_qwen_fullrep_offload0_20260601_102512,bench_runs_offload_paper1_qwen_fullrep_offload0_20260601_102512,offload_paper1_qwen_fullrep,qwen25_7b_offload0,Qwen/Qwen2.5-7B-Instruct,20260601-103251,0,12,3,20,1,256,64,0.0,inf,1.0,12,2.6968049390002307,20,0,5120,1280,7.416183391971416,474.63573708617065,2373.1786854308534,91.14148369992563,110.87911149979846,23.927710729199955,110.87911149979846,112.95475954998437,113.03207510970424,20.02139799682597,20.170025174607755,0.2642435763232239,20.170025174607755,20.20258614920605,20.580219629842063,19.7084547765634,20.03312449983241,2.728165362600778,20.03312449983241,20.492717450247255,21.286391740090963,1352.4895574999618,1381.778244500083,34.2389814213611,1381.778244500083,1383.7892741499445,1383.9999332299294
data/raw/baseline/qwen/bench_runs_offload_paper1_qwen_fullrep_offload0_20260601_102512/qwen_offload0_conc12_run4.json,qwen_offload0_conc12_run4.json,bench_runs_offload_paper1_qwen_fullrep_offload0_20260601_102512,bench_runs_offload_paper1_qwen_fullrep_offload0_20260601_102512,offload_paper1_qwen_fullrep,qwen25_7b_offload0,Qwen/Qwen2.5-7B-Instruct,20260601-103303,0,12,4,20,1,256,64,0.0,inf,1.0,12,2.6967609980001725,20,0,5120,1280,7.416304231198586,474.6434707967095,2373.2173539835476,90.62521529999685,110.060352499886,23.518011719104408,110.060352499886,112.09496555024998,112.12690911009304,20.03350779920643,20.19942420635007,0.28152723055848217,20.19942420635007,20.231629189685112,20.598394079204894,19.720376559375197,20.044095000002926,2.743901717635079,20.044095000002926,20.83974399984072,21.33354060002148,1352.7362066500018,1382.6475574999222,34.97324992504607,1382.6475574999222,1384.6939638001004,1385.099648760197
data/raw/baseline/qwen/bench_runs_offload_paper1_qwen_fullrep_offload0_20260601_102512/qwen_offload0_conc12_run5.json,qwen_offload0_conc12_run5.json,bench_runs_offload_paper1_qwen_fullrep_offload0_20260601_102512,bench_runs_offload_paper1_qwen_fullrep_offload0_20260601_102512,offload_paper1_qwen_fullrep,qwen25_7b_offload0,Qwen/Qwen2.5-7B-Instruct,20260601-103315,0,12,5,20,1,256,64,0.0,inf,1.0,12,2.696323093999581,20,0,5120,1280,7.417508697124673,474.7205566159791,2373.6027830798953,92.93447524996736,114.9133185001574,25.93941332025443,114.9133185001574,116.56320025003879,116.88848404986857,19.998973712698728,20.147440738092264,0.2642405879009945,20.147440738092264,20.176660507934052,20.568476457144587,19.686375699999203,20.051559999956226,2.7970411184393345,20.051559999956226,20.475325000165867,21.481246640087242,1352.869819149987,1384.1664490000767,36.34687304687648,1384.1664490000767,1386.0267967497975,1386.355401750102
data/raw/baseline/qwen/bench_runs_offload_paper1_qwen_fullrep_offload0_20260601_102512/qwen_offload0_conc16_run1.json,qwen_offload0_conc16_run1.json,bench_runs_offload_paper1_qwen_fullrep_offload0_20260601_102512,bench_runs_offload_paper1_qwen_fullrep_offload0_20260601_102512,offload_paper1_qwen_fullrep,qwen25_7b_offload0,Qwen/Qwen2.5-7B-Instruct,20260601-103326,0,16,1,20,1,256,64,0.0,inf,1.0,16,2.6825127689999135,20,0,5120,1280,7.455696103715599,477.16455063779836,2385.822753188992,105.6945034499222,121.94430199974704,29.05185347900247,121.94430199974704,123.70673025004635,124.0789060499219,20.202619026985133,20.39451395238223,0.47669605200661,20.39451395238223,20.42636093174621,20.892402268888066,19.886854384376562,20.347163500218812,2.9238457833448943,20.347163500218812,21.07633800003441,21.999093100139362,1378.4595021499854,1406.3045459997738,52.82497517268252,1406.3045459997738,1408.5612522501378,1408.9330176498606
data/raw/baseline/qwen/bench_runs_offload_paper1_qwen_fullrep_offload0_20260601_102512/qwen_offload0_conc16_run2.json,qwen_offload0_conc16_run2.json,bench_runs_offload_paper1_qwen_fullrep_offload0_20260601_102512,bench_runs_offload_paper1_qwen_fullrep_offload0_20260601_102512,offload_paper1_qwen_fullrep,qwen25_7b_offload0,Qwen/Qwen2.5-7B-Instruct,20260601-103338,0,16,2,20,1,256,64,0.0,inf,1.0,16,2.683935419000136,20,0,5120,1280,7.451744128571741,476.91162422859145,2384.558121142957,105.81673839997165,121.96498849971249,28.97235257306192,121.96498849971249,123.61101680000957,123.76555216011639,20.23000101031747,20.43332433333403,0.49586248675533395,20.43332433333403,20.46392927301267,20.919075467304246,19.91380762968653,20.3544424998654,2.8588491175984454,20.3544424998654,21.036020049768922,21.728191510032957,1380.3068020499722,1409.2166349998934,54.07708338542439,1409.2166349998934,1410.7317882002008,1410.8722848398156
data/raw/baseline/qwen/bench_runs_offload_paper1_qwen_fullrep_offload0_20260601_102512/qwen_offload0_conc16_run3.json,qwen_offload0_conc16_run3.json,bench_runs_offload_paper1_qwen_fullrep_offload0_20260601_102512,bench_runs_offload_paper1_qwen_fullrep_offload0_20260601_102512,offload_paper1_qwen_fullrep,qwen25_7b_offload0,Qwen/Qwen2.5-7B-Instruct,20260601-103350,0,16,3,20,1,256,64,0.0,inf,1.0,16,2.682041804999699,20,0,5120,1280,7.457005316888506,477.2483402808644,2386.241701404322,104.5557901499933,120.466176500031,28.710693221730548,120.466176500031,122.33877315027257,122.4193962299205,20.22015853253942,20.418150047622216,0.48628796346790526,20.418150047622216,20.449379130154522,20.908130619677866,19.90410190000027,20.345946000134063,2.905000375630629,20.345946000134063,21.22893299979296,23.483447789944876,1378.4257776999766,1406.3602769999761,53.040850977859456,1406.3602769999761,1408.4601292002844,1408.723806640155
data/raw/baseline/qwen/bench_runs_offload_paper1_qwen_fullrep_offload0_20260601_102512/qwen_offload0_conc16_run4.json,qwen_offload0_conc16_run4.json,bench_runs_offload_paper1_qwen_fullrep_offload0_20260601_102512,bench_runs_offload_paper1_qwen_fullrep_offload0_20260601_102512,offload_paper1_qwen_fullrep,qwen25_7b_offload0,Qwen/Qwen2.5-7B-Instruct,20260601-103402,0,16,4,20,1,256,64,0.0,inf,1.0,16,2.6860624040000403,20,0,5120,1280,7.445843391507333,476.5339770564693,2382.6698852823465,106.78886990003775,123.51629950035203,29.621539299921025,123.51629950035203,124.73382494981706,124.96883138979683,20.22720914999896,20.41987730158253,0.4762691419880111,20.41987730158253,20.45912396824572,20.895295688882584,19.911026841404578,20.337126500180602,2.8711733006740974,20.337126500180602,20.735021000382403,22.45127283992588,1381.103046349972,1410.013320500184,53.805482348185045,1410.013320500184,1411.205724549336,1411.4551193099123
data/raw/baseline/qwen/bench_runs_offload_paper1_qwen_fullrep_offload0_20260601_102512/qwen_offload0_conc16_run5.json,qwen_offload0_conc16_run5.json,bench_runs_offload_paper1_qwen_fullrep_offload0_20260601_102512,bench_runs_offload_paper1_qwen_fullrep_offload0_20260601_102512,offload_paper1_qwen_fullrep,qwen25_7b_offload0,Qwen/Qwen2.5-7B-Instruct,20260601-103413,0,16,5,20,1,256,64,0.0,inf,1.0,16,2.685572518999834,20,0,5120,1280,7.447201614741142,476.6209033434331,2383.1045167171656,105.61925745000735,121.8823419999353,29.09070970793975,121.8823419999353,123.31014394953854,123.80317039046531,20.245431604760395,20.44811914285876,0.49542378095200307,20.44811914285876,20.478547729355398,20.922245850637523,19.928973721093968,20.327497999915067,2.882561016623819,20.327497999915067,20.888676500408106,22.81740660979267,1381.0814485499122,1410.1223034999748,54.406981358067725,1410.1223034999748,1411.4943104996655,1411.993972500577
data/raw/baseline/qwen/bench_runs_offload_paper1_qwen_fullrep_offload2_20260601_103750/qwen_offload2_conc1_run1.json,qwen_offload2_conc1_run1.json,bench_runs_offload_paper1_qwen_fullrep_offload2_20260601_103750,bench_runs_offload_paper1_qwen_fullrep_offload2_20260601_103750,offload_paper1_qwen_fullrep,qwen25_7b_offload2,Qwen/Qwen2.5-7B-Instruct,20260601-104424,2,1,1,20,1,256,64,0.0,inf,1.0,1,368.6141311520005,20,0,5120,1280,0.054257279658529604,3.4724658981458947,17.362329490729472,735.2115349999622,758.3012145000794,101.5629788183411,758.3012145000794,760.4802719501095,761.1154335899118,280.87659443571465,280.86798721428096,0.12273984304623722,280.86798721428096,280.9882552238053,281.1956375336471,276.4876532960933,280.8385680000356,34.84169421932535,280.8385680000356,281.7996708003193,283.0418594398816,18430.43698444999,18452.60773950031,101.90355653240435,18452.60773950031,18461.75906154963,18473.870369110366
data/raw/baseline/qwen/bench_runs_offload_paper1_qwen_fullrep_offload2_20260601_103750/qwen_offload2_conc1_run2.json,qwen_offload2_conc1_run2.json,bench_runs_offload_paper1_qwen_fullrep_offload2_20260601_103750,bench_runs_offload_paper1_qwen_fullrep_offload2_20260601_103750,offload_paper1_qwen_fullrep,qwen25_7b_offload2,Qwen/Qwen2.5-7B-Instruct,20260601-105050,2,1,2,20,1,256,64,0.0,inf,1.0,1,359.65463757499947,20,0,5120,1280,0.055608903404809736,3.558969817907823,17.794849089539117,291.2931132500944,291.2804335001056,0.6431319697480938,291.2804335001056,292.2987981497499,292.4689644297541,280.8123769507917,280.80048980952586,0.08929545177138123,280.80048980952586,280.954922765874,280.95786462936496,276.4243912023424,280.8095579998735,34.83013820048099,280.8095579998735,281.65433174926875,282.56329110996376,17982.472861149974,17981.78483449965,5.556476770619262,17981.78483449965,17990.934849299312,17992.509619459644
data/raw/baseline/qwen/bench_runs_offload_paper1_qwen_fullrep_offload2_20260601_103750/qwen_offload2_conc1_run3.json,qwen_offload2_conc1_run3.json,bench_runs_offload_paper1_qwen_fullrep_offload2_20260601_103750,bench_runs_offload_paper1_qwen_fullrep_offload2_20260601_103750,offload_paper1_qwen_fullrep,qwen25_7b_offload2,Qwen/Qwen2.5-7B-Instruct,20260601-105715,2,1,3,20,1,256,64,0.0,inf,1.0,1,359.67400505600017,20,0,5120,1280,0.05560590901443117,3.5587781769235947,17.793890884617973,292.14838379994035,292.3975479998262,0.7125988147030472,292.3975479998262,292.839279099735,292.8552862198012,280.81412881507737,280.80595973015363,0.08006864912680328,280.80595973015363,280.9314008428539,280.9354467209519,276.42625230546616,280.79856700014716,34.83048895252337,280.79856700014716,281.67185405031887,282.82870273007575,17983.438499149815,17983.2415639994,4.975300751434386,17983.2415639994,17990.423083700625,17990.795646339866
data/raw/baseline/qwen/bench_runs_offload_paper1_qwen_fullrep_offload2_20260601_103750/qwen_offload2_conc1_run4.json,qwen_offload2_conc1_run4.json,bench_runs_offload_paper1_qwen_fullrep_offload2_20260601_103750,bench_runs_offload_paper1_qwen_fullrep_offload2_20260601_103750,offload_paper1_qwen_fullrep,qwen25_7b_offload2,Qwen/Qwen2.5-7B-Instruct,20260601-110341,2,1,4,20,1,256,64,0.0,inf,1.0,1,359.71033098800035,20,0,5120,1280,0.05560029356139672,3.5584187879293903,17.79209393964695,292.5824927499889,292.3698205004257,0.8341911764835146,292.3698205004257,293.6905577001653,293.96017073947405,280.8360106166667,280.8410735079373,0.09393109761361178,280.8410735079373,280.971931867451,281.03340299571175,276.4477754445309,280.8098370001062,34.83396705440356,280.8098370001062,281.72925169978953,282.9197402107002,17985.25116159999,17985.283543499918,5.956366531623655,17985.283543499918,17994.52890645002,17997.001998889962
data/raw/baseline/qwen/bench_runs_offload_paper1_qwen_fullrep_offload2_20260601_103750/qwen_offload2_conc1_run5.json,qwen_offload2_conc1_run5.json,bench_runs_offload_paper1_qwen_fullrep_offload2_20260601_103750,bench_runs_offload_paper1_qwen_fullrep_offload2_20260601_103750,offload_paper1_qwen_fullrep,qwen25_7b_offload2,Qwen/Qwen2.5-7B-Instruct,20260601-111006,2,1,5,20,1,256,64,0.0,inf,1.0,1,359.7744870309998,20,0,5120,1280,0.05559037875377947,3.557784240241886,17.78892120120943,292.1080397500191,291.64385200010656,1.8608895541133996,291.64385200010656,293.90874844962127,298.1802288903873,280.89439048253837,280.8173228650842,0.2569138851913161,280.8173228650842,281.4195100087394,281.7149139382537,276.50523890781074,280.8041109997248,34.85073749664548,280.8041109997248,281.77717614980793,283.26257164044364,17988.45464014994,17983.01881000043,17.613730373299322,17983.01881000043,18022.8232070006,18046.11687260045
data/raw/baseline/qwen/bench_runs_offload_paper1_qwen_fullrep_offload2_20260601_103750/qwen_offload2_conc2_run1.json,qwen_offload2_conc2_run1.json,bench_runs_offload_paper1_qwen_fullrep_offload2_20260601_103750,bench_runs_offload_paper1_qwen_fullrep_offload2_20260601_103750,offload_paper1_qwen_fullrep,qwen25_7b_offload2,Qwen/Qwen2.5-7B-Instruct,20260601-111335,2,2,1,20,1,256,64,0.0,inf,1.0,2,182.91698731400083,20,0,5120,1280,0.1093392160765659,6.997709828900217,34.988549144501086,790.5059962498854,844.5678349994523,139.75809002798093,844.5678349994523,846.7704514495381,847.8105182893887,277.34609491032126,277.3523270555646,0.055391762699749575,277.3523270555646,277.41352780873734,277.4225377776258,273.0123789203155,277.2164369998791,34.405642780728975,277.2164369998791,278.46917244942233,281.4284889698956,18263.309975600125,18317.843241500213,142.33051979759944,18317.843241500213,18321.91530559985,18322.34655391987
data/raw/baseline/qwen/bench_runs_offload_paper1_qwen_fullrep_offload2_20260601_103750/qwen_offload2_conc2_run2.json,qwen_offload2_conc2_run2.json,bench_runs_offload_paper1_qwen_fullrep_offload2_20260601_103750,bench_runs_offload_paper1_qwen_fullrep_offload2_20260601_103750,offload_paper1_qwen_fullrep,qwen25_7b_offload2,Qwen/Qwen2.5-7B-Instruct,20260601-111704,2,2,2,20,1,256,64,0.0,inf,1.0,2,182.96080377100043,20,0,5120,1280,0.10931303092127119,6.996033978961356,34.98016989480678,791.2180199498835,845.5904934999126,140.3153962531524,845.5904934999126,848.3579170497251,848.8245882101182,277.40328021270057,277.3379857698461,0.15718376901015135,277.3379857698461,277.7085496507937,277.7333439873039,273.06866281328297,277.1825049999279,34.43751043252384,277.1825049999279,278.96566404965597,282.3397939399729,18267.62467335002,18318.340200999955,141.20105004047397,18318.340200999955,18340.90829714978,18343.209731429943
data/raw/baseline/qwen/bench_runs_offload_paper1_qwen_fullrep_offload2_20260601_103750/qwen_offload2_conc2_run3.json,qwen_offload2_conc2_run3.json,bench_runs_offload_paper1_qwen_fullrep_offload2_20260601_103750,bench_runs_offload_paper1_qwen_fullrep_offload2_20260601_103750,offload_paper1_qwen_fullrep,qwen25_7b_offload2,Qwen/Qwen2.5-7B-Instruct,20260601-112032,2,2,3,20,1,256,64,0.0,inf,1.0,2,182.58621046499957,20,0,5120,1280,0.10953729719821231,7.010387020685588,35.05193510342794,762.6315073001024,844.5659009994415,153.14164371033078,844.5659009994415,848.0387106003036,848.400145320411,277.2635570396825,277.26224033333904,0.038595809682484904,277.26224033333904,277.31068249126366,277.33316448554416,272.93104271874995,277.1190084999944,34.39577159039416,277.1190084999944,278.3294529500381,281.3234664599532,18230.235600800097,18312.418808000075,154.12297442806718,18312.418808000075,18315.310617449995,18316.40307869011
data/raw/baseline/qwen/bench_runs_offload_paper1_qwen_fullrep_offload2_20260601_103750/qwen_offload2_conc2_run4.json,qwen_offload2_conc2_run4.json,bench_runs_offload_paper1_qwen_fullrep_offload2_20260601_103750,bench_runs_offload_paper1_qwen_fullrep_offload2_20260601_103750,offload_paper1_qwen_fullrep,qwen25_7b_offload2,Qwen/Qwen2.5-7B-Instruct,20260601-112400,2,2,4,20,1,256,64,0.0,inf,1.0,2,182.3019121719999,20,0,5120,1280,0.10970811968845513,7.0213196600611285,35.10659830030564,729.8054463999506,844.695673500155,214.18386430294257,844.695673500155,847.2009185494244,847.5131653095741,277.3335784611109,277.3223709841226,0.11647747422759638,277.3223709841226,277.5910880642836,277.6307885461877,273.0000373773436,277.2024490000149,34.41428889781969,277.2024490000149,278.3051170495128,281.79866312026206,18201.820889449937,18315.37686950014,214.58865197461975,18315.37686950014,18319.143746549664,18319.80468130993
data/raw/baseline/qwen/bench_runs_offload_paper1_qwen_fullrep_offload2_20260601_103750/qwen_offload2_conc2_run5.json,qwen_offload2_conc2_run5.json,bench_runs_offload_paper1_qwen_fullrep_offload2_20260601_103750,bench_runs_offload_paper1_qwen_fullrep_offload2_20260601_103750,offload_paper1_qwen_fullrep,qwen25_7b_offload2,Qwen/Qwen2.5-7B-Instruct,20260601-112729,2,2,5,20,1,256,64,0.0,inf,1.0,2,182.89669329400022,20,0,5120,1280,0.10935134823815912,6.998486287242184,34.99243143621092,790.3443730498566,845.3531434997785,140.30940725766885,845.3531434997785,847.1989385496272,848.7487237097957,277.31697500714415,277.3275444682484,0.06747502113302731,277.3275444682484,277.4269571325505,277.4305287344542,272.9836929859381,277.1576995005489,34.403358406952776,277.1576995005489,278.5162029997082,281.4388831299857,18261.31379849994,18316.30008000002,140.8999217855391,18316.30008000002,18323.894204150474,18324.763220830337
data/raw/baseline/qwen/bench_runs_offload_paper1_qwen_fullrep_offload2_20260601_103750/qwen_offload2_conc4_run1.json,qwen_offload2_conc4_run1.json,bench_runs_offload_paper1_qwen_fullrep_offload2_20260601_103750,bench_runs_offload_paper1_qwen_fullrep_offload2_20260601_103750,offload_paper1_qwen_fullrep,qwen25_7b_offload2,Qwen/Qwen2.5-7B-Instruct,20260601-112925,2,4,1,20,1,256,64,0.0,inf,1.0,4,90.89968134799983,20,0,5120,1280,0.22002277349501492,14.081457503680955,70.40728751840477,616.6834816000573,795.841345000099,227.71830995780022,795.841345000099,837.8937726000913,840.9287201202278,278.3276218873017,278.4035690079431,0.6097503509622213,278.4035690079431,279.11461763571697,279.1148787017472,273.9785385624998,277.8146040000138,34.67092393270501,277.8146040000138,283.38026349956635,284.79343519019494,18151.323660500064,18313.004043999626,246.02909069048036,18313.004043999626,18381.481719800195,18383.568965560025
data/raw/baseline/qwen/bench_runs_offload_paper1_qwen_fullrep_offload2_20260601_103750/qwen_offload2_conc4_run2.json,qwen_offload2_conc4_run2.json,bench_runs_offload_paper1_qwen_fullrep_offload2_20260601_103750,bench_runs_offload_paper1_qwen_fullrep_offload2_20260601_103750,offload_paper1_qwen_fullrep,qwen25_7b_offload2,Qwen/Qwen2.5-7B-Instruct,20260601-113122,2,4,2,20,1,256,64,0.0,inf,1.0,4,90.89840850099972,20,0,5120,1280,0.22002585446564815,14.081654685801482,70.40827342900741,648.9378115500131,731.2482420002198,172.6439973839089,731.2482420002198,783.6885928001266,783.8331265599027,277.37949606904755,277.3974271746001,0.4110000486615247,277.3974271746001,277.876214973023,277.87850131841145,273.04526649765535,277.7123945002131,34.68255750405483,277.7123945002131,278.6107609996634,279.77593570987665,18123.84606390001,18227.769378000175,176.35472318173598,18227.769378000175,18234.267854999507,18234.544449399637
data/raw/baseline/qwen/bench_runs_offload_paper1_qwen_fullrep_offload2_20260601_103750/qwen_offload2_conc4_run3.json,qwen_offload2_conc4_run3.json,bench_runs_offload_paper1_qwen_fullrep_offload2_20260601_103750,bench_runs_offload_paper1_qwen_fullrep_offload2_20260601_103750,offload_paper1_qwen_fullrep,qwen25_7b_offload2,Qwen/Qwen2.5-7B-Instruct,20260601-113319,2,4,3,20,1,256,64,0.0,inf,1.0,4,91.21646754799986,20,0,5120,1280,0.2192586551268894,14.032553928120922,70.16276964060461,726.80458764994,796.8409070003872,145.65820363311443,796.8409070003872,839.980663649385,840.8889343295414,277.59271207381005,277.7407393809448,0.3092406636913442,277.7407393809448,277.83881061984306,277.8389503271429,273.2551393968748,277.69428399960816,34.543348425391464,277.69428399960816,278.9213304995883,279.6649442601665,18215.145448299972,18297.94859650019,151.7942675243106,18297.94859650019,18299.58431839982,18300.044018079636
data/raw/baseline/qwen/bench_runs_offload_paper1_qwen_fullrep_offload2_20260601_103750/qwen_offload2_conc4_run4.json,qwen_offload2_conc4_run4.json,bench_runs_offload_paper1_qwen_fullrep_offload2_20260601_103750,bench_runs_offload_paper1_qwen_fullrep_offload2_20260601_103750,offload_paper1_qwen_fullrep,qwen25_7b_offload2,Qwen/Qwen2.5-7B-Instruct,20260601-113516,2,4,4,20,1,256,64,0.0,inf,1.0,4,91.26982120899993,20,0,5120,1280,0.21913048294684115,14.024350908597834,70.12175454298917,657.2427137001341,792.1927795005104,202.29561469113455,792.1927795005104,795.1880854500359,795.1965434901012,277.97918788968207,277.92883352380414,0.17698370732359894,277.92883352380414,278.2995095301626,278.3381195568348,273.63561265937545,277.81856000001426,34.4999959860473,277.81856000001426,279.22885200000565,281.8664398204146,18169.93155075011,18299.97061450058,207.88063649740613,18299.97061450058,18327.265658500757,18327.77041250035
data/raw/baseline/qwen/bench_runs_offload_paper1_qwen_fullrep_offload2_20260601_103750/qwen_offload2_conc4_run5.json,qwen_offload2_conc4_run5.json,bench_runs_offload_paper1_qwen_fullrep_offload2_20260601_103750,bench_runs_offload_paper1_qwen_fullrep_offload2_20260601_103750,offload_paper1_qwen_fullrep,qwen25_7b_offload2,Qwen/Qwen2.5-7B-Instruct,20260601-113713,2,4,5,20,1,256,64,0.0,inf,1.0,4,90.88954254200053,20,0,5120,1280,0.22004731722307763,14.083028302276968,70.41514151138485,649.8054890000731,731.959024000389,172.1881894122206,731.959024000389,782.3842437499025,782.5359815505635,277.3400933904762,277.3551235396798,0.4082130351767778,277.3551235396798,277.87029828412574,277.8739047615836,273.0064503148419,277.7109024996207,34.67851890473884,277.7109024996207,278.5920549499224,279.147465519718,18122.231372600072,18227.18596499999,180.33345506728125,18227.18596499999,18238.63356414986,18238.721756829982
data/raw/baseline/qwen/bench_runs_offload_paper1_qwen_fullrep_offload2_20260601_103750/qwen_offload2_conc8_run1.json,qwen_offload2_conc8_run1.json,bench_runs_offload_paper1_qwen_fullrep_offload2_20260601_103750,bench_runs_offload_paper1_qwen_fullrep_offload2_20260601_103750,offload_paper1_qwen_fullrep,qwen25_7b_offload2,Qwen/Qwen2.5-7B-Instruct,20260601-113834,2,8,1,20,1,256,64,0.0,inf,1.0,8,55.410368939000364,20,0,5120,1280,0.36094327438998663,23.100369560959145,115.50184780479572,892.1735072500724,956.8099465000159,151.59997129188042,956.8099465000159,969.6009222495377,970.0091524500203,279.1245242896835,279.2584085079455,0.934554318935966,279.2584085079455,281.0586233134985,281.0847781103171,274.7630514539068,279.07040399986727,34.95003124108523,279.07040399986727,280.19456954953057,281.0261802099558,18477.018537500135,18552.876127999752,150.60598413237315,18552.876127999752,18562.87982125036,18563.28946505041
data/raw/baseline/qwen/bench_runs_offload_paper1_qwen_fullrep_offload2_20260601_103750/qwen_offload2_conc8_run2.json,qwen_offload2_conc8_run2.json,bench_runs_offload_paper1_qwen_fullrep_offload2_20260601_103750,bench_runs_offload_paper1_qwen_fullrep_offload2_20260601_103750,offload_paper1_qwen_fullrep,qwen25_7b_offload2,Qwen/Qwen2.5-7B-Instruct,20260601-113955,2,8,2,20,1,256,64,0.0,inf,1.0,8,55.415947053999844,20,0,5120,1280,0.3609069421932117,23.098044300365547,115.49022150182773,892.8915795000194,957.4053414999071,151.66524399123028,957.4053414999071,970.4161694999584,970.4165115004889,279.1405109063499,279.2872475158782,0.9419461445203989,279.2872475158782,281.0923146055511,281.10063048936036,274.77881524609205,279.06949899943356,34.955676698487245,279.06949899943356,280.25756150013876,281.2270711004203,18478.743766600066,18552.567526000075,150.84178928709045,18552.567526000075,18566.892111450306,18567.120619890575
data/raw/baseline/qwen/bench_runs_offload_paper1_qwen_fullrep_offload2_20260601_103750/qwen_offload2_conc8_run3.json,qwen_offload2_conc8_run3.json,bench_runs_offload_paper1_qwen_fullrep_offload2_20260601_103750,bench_runs_offload_paper1_qwen_fullrep_offload2_20260601_103750,offload_paper1_qwen_fullrep,qwen25_7b_offload2,Qwen/Qwen2.5-7B-Instruct,20260601-114117,2,8,3,20,1,256,64,0.0,inf,1.0,8,55.42323600599957,20,0,5120,1280,0.3608594777438654,23.095006575607385,115.47503287803693,893.455552000114,958.2067075002669,151.5110179646982,958.2067075002669,970.5939253999077,970.7692786800089,279.18013151428397,279.3397682619018,0.9566451730406931,279.3397682619018,281.1289202658733,281.1632514563528,274.81778286250034,279.1685314996357,34.96411264921589,279.1685314996357,280.2927809495941,281.661254709943,18481.803837400003,18557.726044000447,151.47585735715847,18557.726044000447,18569.00478379953,18569.163149559565
data/raw/baseline/qwen/bench_runs_offload_paper1_qwen_fullrep_offload2_20260601_103750/qwen_offload2_conc8_run4.json,qwen_offload2_conc8_run4.json,bench_runs_offload_paper1_qwen_fullrep_offload2_20260601_103750,bench_runs_offload_paper1_qwen_fullrep_offload2_20260601_103750,offload_paper1_qwen_fullrep,qwen25_7b_offload2,Qwen/Qwen2.5-7B-Instruct,20260601-114238,2,8,4,20,1,256,64,0.0,inf,1.0,8,55.42201730499983,20,0,5120,1280,0.3608674128539115,23.095514422650336,115.47757211325168,893.1391371500467,957.5430274999235,151.28153025013964,957.5430274999235,970.4931102502542,970.6437916503364,279.15197886507644,279.27348685713537,0.9073951230764293,279.27348685713537,281.0612265809437,281.12450022412605,274.79008599140616,279.10192550007196,34.953788129715136,279.10192550007196,280.2284944999428,281.06450540082733,18479.713805649862,18553.463903499505,148.78983734149764,18553.463903499505,18564.49797920036,18564.656062240618
data/raw/baseline/qwen/bench_runs_offload_paper1_qwen_fullrep_offload2_20260601_103750/qwen_offload2_conc8_run5.json,qwen_offload2_conc8_run5.json,bench_runs_offload_paper1_qwen_fullrep_offload2_20260601_103750,bench_runs_offload_paper1_qwen_fullrep_offload2_20260601_103750,offload_paper1_qwen_fullrep,qwen25_7b_offload2,Qwen/Qwen2.5-7B-Instruct,20260601-114359,2,8,5,20,1,256,64,0.0,inf,1.0,8,55.42379872099991,20,0,5120,1280,0.3608558139560012,23.094772093184076,115.47386046592038,893.9193894499113,958.7618579998889,151.5571923462197,958.7618579998889,970.9282173496831,971.1594450709163,279.1607216039665,279.30113668255564,0.9223920268644071,279.30113668255564,281.09549369127205,281.122325684273,274.79870364687713,279.14588549992914,34.95773422174579,279.14588549992914,280.21103250030137,281.5937320996636,18481.044850499802,18554.904862498915,149.83836191745897,18554.904862498915,18567.77666805001,18567.783706410573
data/raw/baseline/qwen/bench_runs_offload_paper1_qwen_fullrep_offload2_20260601_103750/qwen_offload2_conc12_run1.json,qwen_offload2_conc12_run1.json,bench_runs_offload_paper1_qwen_fullrep_offload2_20260601_103750,bench_runs_offload_paper1_qwen_fullrep_offload2_20260601_103750,offload_paper1_qwen_fullrep,qwen25_7b_offload2,Qwen/Qwen2.5-7B-Instruct,20260601-114502,2,12,1,20,1,256,64,0.0,inf,1.0,12,37.59808698800043,20,0,5120,1280,0.5319419577486236,34.04428529591191,170.22142647955954,1110.385452799801,1304.3734760003645,255.43248282055686,1304.3734760003645,1306.010934549431,1306.3284405106424,281.1028299428544,281.612504134919,2.0428497293996086,281.612504134919,281.9631013047478,287.27154911175086,276.7104854882817,281.2544290000005,37.17507909920618,281.2544290000005,282.0686344986825,282.95173614902524,18819.863739199627,19046.002902499822,251.3343524573105,19046.002902499822,19047.60131104931,19047.925588610105
data/raw/baseline/qwen/bench_runs_offload_paper1_qwen_fullrep_offload2_20260601_103750/qwen_offload2_conc12_run2.json,qwen_offload2_conc12_run2.json,bench_runs_offload_paper1_qwen_fullrep_offload2_20260601_103750,bench_runs_offload_paper1_qwen_fullrep_offload2_20260601_103750,offload_paper1_qwen_fullrep,qwen25_7b_offload2,Qwen/Qwen2.5-7B-Instruct,20260601-114606,2,12,2,20,1,256,64,0.0,inf,1.0,12,37.6125296350001,20,0,5120,1280,0.5317377000186961,34.03121280119655,170.15606400598276,1111.2878918500428,1306.318650999856,255.89213285022555,1306.318650999856,1308.1186759991397,1308.1297567994625,281.20866556269937,281.72384443650884,2.0400572201189195,281.72384443650884,282.07688354444593,287.3535199469763,276.81465041171407,281.33710800011613,37.182944200683835,281.33710800011613,282.37419404931643,283.70920120072697,18827.4338223001,19055.097014999774,253.07400167633187,19055.097014999774,19057.053035549416,19057.063759910397
data/raw/baseline/qwen/bench_runs_offload_paper1_qwen_fullrep_offload2_20260601_103750/qwen_offload2_conc12_run3.json,qwen_offload2_conc12_run3.json,bench_runs_offload_paper1_qwen_fullrep_offload2_20260601_103750,bench_runs_offload_paper1_qwen_fullrep_offload2_20260601_103750,offload_paper1_qwen_fullrep,qwen25_7b_offload2,Qwen/Qwen2.5-7B-Instruct,20260601-114709,2,12,3,20,1,256,64,0.0,inf,1.0,12,37.59981070499998,20,0,5120,1280,0.5319175715249126,34.042724577594406,170.213622887972,1108.3675993000725,1301.6444180002509,254.74593294941667,1301.6444180002509,1303.4002652013442,1303.5471306406544,281.1614732222235,281.72352915080126,2.0788671615468246,281.72352915080126,282.0772794730233,287.3519957295196,276.7681759804674,281.27254900027765,37.16256466351635,281.27254900027765,282.41387404959823,283.3307864399467,18821.540412300146,19050.32134149951,254.45555111274888,19050.32134149951,19052.36235249995,19052.369093699854
data/raw/baseline/qwen/bench_runs_offload_paper1_qwen_fullrep_offload2_20260601_103750/qwen_offload2_conc12_run4.json,qwen_offload2_conc12_run4.json,bench_runs_offload_paper1_qwen_fullrep_offload2_20260601_103750,bench_runs_offload_paper1_qwen_fullrep_offload2_20260601_103750,offload_paper1_qwen_fullrep,qwen25_7b_offload2,Qwen/Qwen2.5-7B-Instruct,20260601-114812,2,12,4,20,1,256,64,0.0,inf,1.0,12,37.603133459000674,20,0,5120,1280,0.5318705692919536,34.03971643468503,170.1985821734252,1111.5392003497618,1306.9519259997833,256.4916520619028,1306.9519259997833,1308.516815249368,1308.653755848918,281.1351228857145,281.6545204444386,2.049939156065347,281.6545204444386,282.00873967142263,287.30618028983923,276.74223934375135,281.20120899984613,37.195361252003906,281.20120899984613,282.16504104957494,284.0353741598665,18823.051942149777,19051.17512850029,253.74477599367717,19051.17512850029,19052.968705100648,19053.057018619147
data/raw/baseline/qwen/bench_runs_offload_paper1_qwen_fullrep_offload2_20260601_103750/qwen_offload2_conc12_run5.json,qwen_offload2_conc12_run5.json,bench_runs_offload_paper1_qwen_fullrep_offload2_20260601_103750,bench_runs_offload_paper1_qwen_fullrep_offload2_20260601_103750,offload_paper1_qwen_fullrep,qwen25_7b_offload2,Qwen/Qwen2.5-7B-Instruct,20260601-114916,2,12,5,20,1,256,64,0.0,inf,1.0,12,37.60858728700077,20,0,5120,1280,0.5317934398166799,34.034780148267515,170.17390074133758,1109.7349669500545,1303.3133525004814,255.04672645766024,1303.3133525004814,1304.817691250355,1304.9631438497454,281.19751440317344,281.71466205555,2.047880146252591,281.71466205555,282.0696283206532,287.3657146673057,276.80368076796924,281.1768359997586,37.17712325987695,281.1768359997586,282.3887635004212,284.8749138196399,18825.17837434998,19051.534172499487,251.6324937939699,19051.534172499487,19053.164102548817,19053.195924510637
data/raw/baseline/qwen/bench_runs_offload_paper1_qwen_fullrep_offload2_20260601_103750/qwen_offload2_conc16_run1.json,qwen_offload2_conc16_run1.json,bench_runs_offload_paper1_qwen_fullrep_offload2_20260601_103750,bench_runs_offload_paper1_qwen_fullrep_offload2_20260601_103750,offload_paper1_qwen_fullrep,qwen25_7b_offload2,Qwen/Qwen2.5-7B-Instruct,20260601-115019,2,16,1,20,1,256,64,0.0,inf,1.0,16,37.21187614400151,20,0,5120,1280,0.53746282296019,34.39762066945216,171.9881033472608,1034.049742550087,1142.3271114990712,213.8712696612143,1142.3271114990712,1144.7678463004195,1144.9508740609235,281.3695616349212,282.02293941269585,2.0719650415492725,282.02293941269585,282.23939551269524,285.51751395967386,276.97303022187754,281.8411654998272,35.82283976075182,281.8411654998272,283.0424515987943,284.6510353996928,18760.33212555012,18909.784109499924,259.9626587568205,18909.784109499924,18912.24295280017,18912.43627856029
data/raw/baseline/qwen/bench_runs_offload_paper1_qwen_fullrep_offload2_20260601_103750/qwen_offload2_conc16_run2.json,qwen_offload2_conc16_run2.json,bench_runs_offload_paper1_qwen_fullrep_offload2_20260601_103750,bench_runs_offload_paper1_qwen_fullrep_offload2_20260601_103750,offload_paper1_qwen_fullrep,qwen25_7b_offload2,Qwen/Qwen2.5-7B-Instruct,20260601-115122,2,16,2,20,1,256,64,0.0,inf,1.0,16,37.20676122500117,20,0,5120,1280,0.5375367094989432,34.40234940793236,172.01174703966183,1033.1061065998256,1141.2954905008519,213.338277860819,1141.2954905008519,1142.706019149773,1143.0784518293513,281.37326712222125,282.04931828570676,2.106979985845209,282.04931828570676,282.2670734571379,285.51775747237633,276.97669975078014,281.72385999914695,35.825250229693424,281.72385999914695,283.38480804941355,284.5159252699523,18759.621935299765,18910.362701500162,261.8019218485166,18910.362701500162,18911.950295099632,18912.306919020157
data/raw/baseline/qwen/bench_runs_offload_paper1_qwen_fullrep_offload2_20260601_103750/qwen_offload2_conc16_run3.json,qwen_offload2_conc16_run3.json,bench_runs_offload_paper1_qwen_fullrep_offload2_20260601_103750,bench_runs_offload_paper1_qwen_fullrep_offload2_20260601_103750,offload_paper1_qwen_fullrep,qwen25_7b_offload2,Qwen/Qwen2.5-7B-Instruct,20260601-115225,2,16,3,20,1,256,64,0.0,inf,1.0,16,37.20468910800082,20,0,5120,1280,0.5375666476325702,34.404265448484495,172.02132724242247,1034.2004209000152,1142.3963435008773,213.70383750790663,1142.3963435008773,1144.1327466493021,1144.4855941307105,281.35078124761776,282.03070337301705,2.1195524030596973,282.03070337301705,282.2487184365147,285.52655126824754,276.9545716179678,281.8980480005848,35.8170743740354,281.8980480005848,282.82544530011364,284.262160910057,18759.29963949993,18910.38601750006,262.6379036836566,18910.38601750006,18912.09084860102,18912.42390491987
data/raw/baseline/qwen/bench_runs_offload_paper1_qwen_fullrep_offload2_20260601_103750/qwen_offload2_conc16_run4.json,qwen_offload2_conc16_run4.json,bench_runs_offload_paper1_qwen_fullrep_offload2_20260601_103750,bench_runs_offload_paper1_qwen_fullrep_offload2_20260601_103750,offload_paper1_qwen_fullrep,qwen25_7b_offload2,Qwen/Qwen2.5-7B-Instruct,20260601-115328,2,16,4,20,1,256,64,0.0,inf,1.0,16,37.20290116000069,20,0,5120,1280,0.537592482747107,34.40591889581485,172.02959447907423,1035.4644760002884,1143.957268000122,214.5044659219305,1143.957268000122,1145.5526747510703,1145.9737261507507,281.2636125031762,281.90394809522934,2.06399821210967,281.90394809522934,282.1270249142987,285.4554612241404,276.8687652273414,281.74336749907525,35.84355928965796,281.74336749907525,283.02421040079935,284.23643045947756,18755.07206370039,18903.679332000138,258.7499630631398,18903.679332000138,18905.497961250967,18905.922303449715
data/raw/baseline/qwen/bench_runs_offload_paper1_qwen_fullrep_offload2_20260601_103750/qwen_offload2_conc16_run5.json,qwen_offload2_conc16_run5.json,bench_runs_offload_paper1_qwen_fullrep_offload2_20260601_103750,bench_runs_offload_paper1_qwen_fullrep_offload2_20260601_103750,offload_paper1_qwen_fullrep,qwen25_7b_offload2,Qwen/Qwen2.5-7B-Instruct,20260601-115430,2,16,5,20,1,256,64,0.0,inf,1.0,16,37.20635051200043,20,0,5120,1280,0.5375426432525077,34.40272916816049,172.01364584080244,1035.2431348499522,1144.3639220005934,214.6879292104676,1144.3639220005934,1146.0247982484361,1146.4238476506216,281.3954034238079,282.0920519206271,2.1517296003881095,282.0920519206271,282.3147383134898,285.58632858968446,276.9983930218743,281.9817765002881,35.835294161129085,281.9817765002881,283.1821122499605,284.80147120073525,18763.15355054985,18916.15700249986,266.1809959967564,18916.15700249986,18918.28110169954,18918.67377394039
data/raw/baseline/qwen/bench_runs_offload_paper1_qwen_fullrep_offload4_20260603_063024/qwen_offload4_conc1_run1.json,qwen_offload4_conc1_run1.json,bench_runs_offload_paper1_qwen_fullrep_offload4_20260603_063024,bench_runs_offload_paper1_qwen_fullrep_offload4_20260603_063024,offload_paper1_qwen_fullrep,qwen25_7b_offload4,Qwen/Qwen2.5-7B-Instruct,20260603-064306,4,1,1,20,1,256,64,0.0,inf,1.0,1,717.7559585,20,0,5120,1280,0.027864624129066005,1.7833359442602243,8.916679721301122,1401.491778750011,1445.7800774999896,193.40890835406873,1445.7800774999896,1447.8528342000175,1448.0718996400094,547.3976450539682,547.3637295396823,0.14904497659921886,547.3637295396823,547.7385066531751,547.7667777242852,538.8443833257812,547.3192845000767,67.90103316394274,547.3192845000767,548.7990941000078,550.1738963700086,35887.54341715002,35930.01452550004,189.63589690916422,35930.01452550004,35952.29872370007,35953.24017674001
data/raw/baseline/qwen/bench_runs_offload_paper1_qwen_fullrep_offload4_20260603_063024/qwen_offload4_conc1_run2.json,qwen_offload4_conc1_run2.json,bench_runs_offload_paper1_qwen_fullrep_offload4_20260603_063024,bench_runs_offload_paper1_qwen_fullrep_offload4_20260603_063024,offload_paper1_qwen_fullrep,qwen25_7b_offload4,Qwen/Qwen2.5-7B-Instruct,20260603-065531,4,1,2,20,1,256,64,0.0,inf,1.0,1,700.713955918,20,0,5120,1280,0.028542317205311193,1.8267083011399163,9.133541505699581,556.9424994500196,556.9455585000469,0.8441870109431874,556.9455585000469,557.9735675999927,558.4322671200152,547.277593402381,547.3015328809525,0.0746973879070541,547.3015328809525,547.3780886134905,547.382718738571,538.7261429328124,547.2428570000147,67.8772189242661,547.2428570000147,548.5845190999839,550.0719320600047,35035.43088380001,35036.940478500015,4.558163183196362,35036.940478500015,35041.53584989987,35041.59813798004
data/raw/baseline/qwen/bench_runs_offload_paper1_qwen_fullrep_offload4_20260603_063024/qwen_offload4_conc1_run3.json,qwen_offload4_conc1_run3.json,bench_runs_offload_paper1_qwen_fullrep_offload4_20260603_063024,bench_runs_offload_paper1_qwen_fullrep_offload4_20260603_063024,offload_paper1_qwen_fullrep,qwen25_7b_offload4,Qwen/Qwen2.5-7B-Instruct,20260603-070755,4,1,3,20,1,256,64,0.0,inf,1.0,1,700.711783616,20,0,5120,1280,0.02854240569038337,1.8267139641845356,9.133569820922679,556.3418084499745,556.1136770002122,1.034923674410804,556.1136770002122,557.7271435499597,558.6797815099044,547.285413106349,547.3078443015902,0.09022384993139336,547.3078443015902,547.3931128912707,547.4308166480967,538.7338138085937,547.284283999943,67.87754205704154,547.284283999943,548.4259318001023,549.6423933297501,35035.32283414995,35035.76379350011,5.214625482535921,35035.76379350011,35041.72077934982,35045.12628387001
data/raw/baseline/qwen/bench_runs_offload_paper1_qwen_fullrep_offload4_20260603_063024/qwen_offload4_conc1_run4.json,qwen_offload4_conc1_run4.json,bench_runs_offload_paper1_qwen_fullrep_offload4_20260603_063024,bench_runs_offload_paper1_qwen_fullrep_offload4_20260603_063024,offload_paper1_qwen_fullrep,qwen25_7b_offload4,Qwen/Qwen2.5-7B-Instruct,20260603-072018,4,1,4,20,1,256,64,0.0,inf,1.0,1,700.7066042800002,20,0,5120,1280,0.028542616664146727,1.8267274665053905,9.133637332526952,555.8153199000344,555.7146615001329,0.9063961688314125,555.7146615001329,557.2367391499711,557.4288238300824,547.2897070634915,547.2912706507934,0.07524077482506503,547.2912706507934,547.4178351436493,547.4214295938067,538.7381218499996,547.253904000172,67.87828845668857,547.253904000172,548.6528604000796,549.8821323097764,35035.0668649,35035.20363400003,4.377038799187199,35035.20363400003,35042.09190754991,35042.33984311002
data/raw/baseline/qwen/bench_runs_offload_paper1_qwen_fullrep_offload4_20260603_063024/qwen_offload4_conc1_run5.json,qwen_offload4_conc1_run5.json,bench_runs_offload_paper1_qwen_fullrep_offload4_20260603_063024,bench_runs_offload_paper1_qwen_fullrep_offload4_20260603_063024,offload_paper1_qwen_fullrep,qwen25_7b_offload4,Qwen/Qwen2.5-7B-Instruct,20260603-073242,4,1,5,20,1,256,64,0.0,inf,1.0,1,700.6749555230003,20,0,5120,1280,0.02854390590437406,1.8268099778799398,9.134049889399698,555.5552058500098,555.512241499855,1.2483349104661585,555.512241499855,557.3027526501392,557.723316130141,547.2687002436506,547.2801407222181,0.06773356439264415,547.2801407222181,547.3381897563422,547.3737875893626,538.7173693429688,547.2365804996571,67.87630265516194,547.2365804996571,548.6915370999441,549.8860686899479,35033.483321199994,35034.78692700014,4.812497679281088,35034.78692700014,35039.49195639969,35040.38056967967
data/raw/baseline/qwen/bench_runs_offload_paper1_qwen_fullrep_offload4_20260603_063024/qwen_offload4_conc2_run1.json,qwen_offload4_conc2_run1.json,bench_runs_offload_paper1_qwen_fullrep_offload4_20260603_063024,bench_runs_offload_paper1_qwen_fullrep_offload4_20260603_063024,offload_paper1_qwen_fullrep,qwen25_7b_offload4,Qwen/Qwen2.5-7B-Instruct,20260603-073920,4,2,1,20,1,256,64,0.0,inf,1.0,2,355.691622196,20,0,5120,1280,0.056228482066915865,3.5986228522826154,17.993114261413076,1533.3459640499314,1640.5304049999359,276.02738420174495,1640.5304049999359,1645.390242900021,1645.5977517794508,539.3781893746022,539.3899874206331,0.08419812689424727,539.3899874206331,539.5064381111044,539.5190502507912,530.9502319085937,539.0932895002152,66.91059612917267,539.0932895002152,541.3615927497631,546.9490953598506,35514.17189464987,35620.73802949999,278.85824438775825,35620.73802949999,35629.013790900215,35629.09190217947
data/raw/baseline/qwen/bench_runs_offload_paper1_qwen_fullrep_offload4_20260603_063024/qwen_offload4_conc2_run2.json,qwen_offload4_conc2_run2.json,bench_runs_offload_paper1_qwen_fullrep_offload4_20260603_063024,bench_runs_offload_paper1_qwen_fullrep_offload4_20260603_063024,offload_paper1_qwen_fullrep,qwen25_7b_offload4,Qwen/Qwen2.5-7B-Instruct,20260603-074559,4,2,2,20,1,256,64,0.0,inf,1.0,2,355.66247107900017,20,0,5120,1280,0.05623309071470061,3.598917805740839,17.994589028704198,1533.1166768000912,1639.8723014999632,275.79963841534465,1639.8723014999632,1645.9373100500216,1646.2306708094457,539.3362311071427,539.3287136111111,0.07984876435733233,539.3287136111111,539.4378162761898,539.4700891092036,530.908916975782,539.0864450000663,66.90463466108267,539.0864450000663,541.0641754999233,546.6605343397987,35511.299236550076,35616.69598300023,274.78562592130226,35616.69598300023,35625.4838573996,35625.49985387978
data/raw/baseline/qwen/bench_runs_offload_paper1_qwen_fullrep_offload4_20260603_063024/qwen_offload4_conc2_run3.json,qwen_offload4_conc2_run3.json,bench_runs_offload_paper1_qwen_fullrep_offload4_20260603_063024,bench_runs_offload_paper1_qwen_fullrep_offload4_20260603_063024,offload_paper1_qwen_fullrep,qwen25_7b_offload4,Qwen/Qwen2.5-7B-Instruct,20260603-075238,4,2,3,20,1,256,64,0.0,inf,1.0,2,355.6863256759998,20,0,5120,1280,0.05622931936443998,3.5986764393241586,17.993382196620793,1533.0479454999477,1639.4957054999395,275.4560520063983,1639.4957054999395,1645.1466578000236,1646.333440359731,539.3743482333349,539.3892363492109,0.08417794358260727,539.3892363492109,539.4881120269879,539.5236719927067,530.9464378882822,539.1035160005231,66.90943815072139,539.1035160005231,541.1931099498815,546.6640706905582,35513.631884200055,35622.13890550038,277.9020677582755,35622.13890550038,35628.45671679956,35629.440290559985
data/raw/baseline/qwen/bench_runs_offload_paper1_qwen_fullrep_offload4_20260603_063024/qwen_offload4_conc2_run4.json,qwen_offload4_conc2_run4.json,bench_runs_offload_paper1_qwen_fullrep_offload4_20260603_063024,bench_runs_offload_paper1_qwen_fullrep_offload4_20260603_063024,offload_paper1_qwen_fullrep,qwen25_7b_offload4,Qwen/Qwen2.5-7B-Instruct,20260603-075916,4,2,4,20,1,256,64,0.0,inf,1.0,2,355.68322595099926,20,0,5120,1280,0.056229809394371895,3.5987078012398013,17.993539006199008,1533.3056891499382,1640.7489500002157,276.245951840812,1640.7489500002157,1644.4256317502095,1645.4153911498452,539.3663306380953,539.3711164365053,0.08825733321217895,539.3711164365053,539.494922368246,539.5113326260287,530.9385730867177,539.1225775001658,66.90773544303836,539.1225775001658,541.0771491002833,546.7321772400828,35513.384519349944,35622.8840875001,280.1360739018834,35622.8840875001,35628.0159432501,35628.264710250405
data/raw/baseline/qwen/bench_runs_offload_paper1_qwen_fullrep_offload4_20260603_063024/qwen_offload4_conc2_run5.json,qwen_offload4_conc2_run5.json,bench_runs_offload_paper1_qwen_fullrep_offload4_20260603_063024,bench_runs_offload_paper1_qwen_fullrep_offload4_20260603_063024,offload_paper1_qwen_fullrep,qwen25_7b_offload4,Qwen/Qwen2.5-7B-Instruct,20260603-080552,4,2,5,20,1,256,64,0.0,inf,1.0,2,353.30377675900036,20,0,5120,1280,0.05660850892528848,3.6229445712184627,18.114722856092314,1295.761840149862,1639.9428519998764,500.4153978859356,1639.9428519998764,1643.8835576495876,1643.9689155299675,539.3585548801595,539.4002714285726,0.14216196813956933,539.4002714285726,539.5174729039679,539.5364753046077,530.9309117289083,539.1613405004136,66.90438785772278,539.1613405004136,540.8675564503028,546.4843134898183,35275.35079759991,35623.40238500019,508.6622087591444,35623.40238500019,35632.16057429927,35633.095485260055
data/raw/baseline/qwen/bench_runs_offload_paper1_qwen_fullrep_offload4_20260603_063024/qwen_offload4_conc4_run1.json,qwen_offload4_conc4_run1.json,bench_runs_offload_paper1_qwen_fullrep_offload4_20260603_063024,bench_runs_offload_paper1_qwen_fullrep_offload4_20260603_063024,offload_paper1_qwen_fullrep,qwen25_7b_offload4,Qwen/Qwen2.5-7B-Instruct,20260603-080933,4,4,1,20,1,256,64,0.0,inf,1.0,4,177.32663135299936,20,0,5120,1280,0.11278621743051408,7.218317915552901,36.0915895777645,1407.516205650063,1547.114951000367,288.12847247192434,1547.114951000367,1629.9160960494191,1630.501144810405,539.737876838888,540.0634591269842,0.5821340100862888,540.0634591269842,540.1091961904823,540.1094068190425,531.3042803164037,540.0639465001404,67.1666599406272,540.0639465001404,541.4207905501371,543.0477699000585,35411.00244650002,35572.330771499765,300.6877770412247,35572.330771499765,35574.42737599999,35574.60559600019
data/raw/baseline/qwen/bench_runs_offload_paper1_qwen_fullrep_offload4_20260603_063024/qwen_offload4_conc4_run2.json,qwen_offload4_conc4_run2.json,bench_runs_offload_paper1_qwen_fullrep_offload4_20260603_063024,bench_runs_offload_paper1_qwen_fullrep_offload4_20260603_063024,offload_paper1_qwen_fullrep,qwen25_7b_offload4,Qwen/Qwen2.5-7B-Instruct,20260603-081312,4,4,2,20,1,256,64,0.0,inf,1.0,4,176.70219591500063,20,0,5120,1280,0.11318478469628433,7.243826220562197,36.21913110281099,1257.3426432998986,1420.741420000013,340.0221030369829,1420.741420000013,1520.5209754999032,1520.714707099878,539.2845325103194,539.2898987698456,0.7799742100065115,539.2898987698456,540.1182742103174,540.1231766325412,530.8580434109394,540.0081289999434,67.43014828066256,540.0081289999434,541.2794882500748,542.4538828595178,35232.26819145002,35439.846675999885,351.9582166192959,35439.846675999885,35452.993137800106,35453.31517716003
data/raw/baseline/qwen/bench_runs_offload_paper1_qwen_fullrep_offload4_20260603_063024/qwen_offload4_conc4_run3.json,qwen_offload4_conc4_run3.json,bench_runs_offload_paper1_qwen_fullrep_offload4_20260603_063024,bench_runs_offload_paper1_qwen_fullrep_offload4_20260603_063024,offload_paper1_qwen_fullrep,qwen25_7b_offload4,Qwen/Qwen2.5-7B-Instruct,20260603-081652,4,4,3,20,1,256,64,0.0,inf,1.0,4,176.69245095099996,20,0,5120,1280,0.11319102707758785,7.2442257329656226,36.221128664828115,1257.7270534500713,1421.272160999706,341.2517030662148,1421.272160999706,1521.376044850058,1521.549140170191,539.2477100166674,539.2311256349179,0.794424760762662,539.2311256349179,540.13424581508,540.1359946233434,530.8217238851555,539.9689460000445,67.43236907489903,539.9689460000445,541.2152996496388,542.2068457998557,35230.33278450011,35434.31403199975,349.8352286995464,35434.31403199975,35450.244347750144,35450.35948395011
data/raw/baseline/qwen/bench_runs_offload_paper1_qwen_fullrep_offload4_20260603_063024/qwen_offload4_conc4_run4.json,qwen_offload4_conc4_run4.json,bench_runs_offload_paper1_qwen_fullrep_offload4_20260603_063024,bench_runs_offload_paper1_qwen_fullrep_offload4_20260603_063024,offload_paper1_qwen_fullrep,qwen25_7b_offload4,Qwen/Qwen2.5-7B-Instruct,20260603-082032,4,4,4,20,1,256,64,0.0,inf,1.0,4,176.69318712699987,20,0,5120,1280,0.11319055547752847,7.244195550561822,36.22097775280911,1258.4745504000239,1421.5183574992807,340.0934756006673,1421.5183574992807,1521.1277594504281,1521.2138590898758,539.2378336460324,539.2180889761842,0.7901997648410098,539.2180889761842,540.0814010825336,540.0830909847573,530.812049023438,539.9532050000744,67.42870230828494,539.9532050000744,541.1194425003941,542.5103811601275,35230.458070100074,35441.73862649995,352.1767560317321,35441.73862649995,35446.76679895042,35446.956646190345
data/raw/baseline/qwen/bench_runs_offload_paper1_qwen_fullrep_offload4_20260603_063024/qwen_offload4_conc4_run5.json,qwen_offload4_conc4_run5.json,bench_runs_offload_paper1_qwen_fullrep_offload4_20260603_063024,bench_runs_offload_paper1_qwen_fullrep_offload4_20260603_063024,offload_paper1_qwen_fullrep,qwen25_7b_offload4,Qwen/Qwen2.5-7B-Instruct,20260603-082412,4,4,5,20,1,256,64,0.0,inf,1.0,4,177.33980502099985,20,0,5120,1280,0.1127778391187003,7.2177817035968195,36.088908517984095,1273.6717321000924,1535.1890335000462,398.84055167601593,1535.1890335000462,1548.1958460005899,1548.4744924004463,540.154553119841,540.1525051269822,0.10593535042278356,540.1525051269822,540.3331493992005,540.3838433655555,531.7144654156252,539.969570500034,66.99929829508243,539.969570500034,541.5817228004016,545.7538295099221,35303.40857865008,35571.73530450018,402.32452390503755,35571.73530450018,35582.52948200016,35582.80528600035
data/raw/baseline/qwen/bench_runs_offload_paper1_qwen_fullrep_offload4_20260603_063024/qwen_offload4_conc8_run1.json,qwen_offload4_conc8_run1.json,bench_runs_offload_paper1_qwen_fullrep_offload4_20260603_063024,bench_runs_offload_paper1_qwen_fullrep_offload4_20260603_063024,offload_paper1_qwen_fullrep,qwen25_7b_offload4,Qwen/Qwen2.5-7B-Instruct,20260603-082643,4,8,1,20,1,256,64,0.0,inf,1.0,8,107.59773426999982,20,0,5120,1280,0.18587751996536567,11.896161277783403,59.48080638891701,1683.889138700124,1861.7247859997406,321.30716234288144,1861.7247859997406,1874.7524580999197,1874.81459722012,542.2619868539671,542.0951495555471,2.073552205246765,542.0951495555471,545.7701596476114,545.7997747485699,533.7889770906215,541.7776945000696,68.59838489427698,541.7776945000696,543.6920589500915,545.2693929998713,35846.39431050004,36010.108897500235,290.9381809806443,36010.108897500235,36030.874419650354,36030.953834329994
data/raw/baseline/qwen/bench_runs_offload_paper1_qwen_fullrep_offload4_20260603_063024/qwen_offload4_conc8_run2.json,qwen_offload4_conc8_run2.json,bench_runs_offload_paper1_qwen_fullrep_offload4_20260603_063024,bench_runs_offload_paper1_qwen_fullrep_offload4_20260603_063024,offload_paper1_qwen_fullrep,qwen25_7b_offload4,Qwen/Qwen2.5-7B-Instruct,20260603-082913,4,8,2,20,1,256,64,0.0,inf,1.0,8,107.65009044399994,20,0,5120,1280,0.18578711747951657,11.89037551868906,59.451877593445296,1739.8075815000084,1874.2140144995574,299.8877696284125,1874.2140144995574,1887.326068549737,1887.6789449101489,542.0988747523818,542.2212228095233,1.659991991874816,542.2212228095233,545.9750260095237,546.0209376336468,533.6284510789063,541.8768519998594,67.94552362301705,541.8768519998594,543.4656189999714,545.1303177994032,35892.03669090007,36035.45560900011,284.71785129646315,36035.45560900011,36047.2435000997,36047.61280081957
data/raw/baseline/qwen/bench_runs_offload_paper1_qwen_fullrep_offload4_20260603_063024/qwen_offload4_conc8_run3.json,qwen_offload4_conc8_run3.json,bench_runs_offload_paper1_qwen_fullrep_offload4_20260603_063024,bench_runs_offload_paper1_qwen_fullrep_offload4_20260603_063024,offload_paper1_qwen_fullrep,qwen25_7b_offload4,Qwen/Qwen2.5-7B-Instruct,20260603-083144,4,8,3,20,1,256,64,0.0,inf,1.0,8,107.64848209799948,20,0,5120,1280,0.18578989327311357,11.890553169479269,59.45276584739634,1739.1105521498957,1872.5873774997126,299.63952663166106,1872.5873774997126,1887.0654176498192,1887.473638729707,542.104049052383,542.2132017777744,1.6685766998020222,542.2132017777744,545.9768847706426,546.0327593795315,533.6335241085962,541.9327214999612,67.94185493031931,541.9327214999612,543.8121640498593,545.6620669401127,35891.66564245002,36035.68558399957,284.9377693604776,36035.68558399957,36046.49475814972,36046.90698442941
data/raw/baseline/qwen/bench_runs_offload_paper1_qwen_fullrep_offload4_20260603_063024/qwen_offload4_conc8_run4.json,qwen_offload4_conc8_run4.json,bench_runs_offload_paper1_qwen_fullrep_offload4_20260603_063024,bench_runs_offload_paper1_qwen_fullrep_offload4_20260603_063024,offload_paper1_qwen_fullrep,qwen25_7b_offload4,Qwen/Qwen2.5-7B-Instruct,20260603-083415,4,8,4,20,1,256,64,0.0,inf,1.0,8,107.64526966700032,20,0,5120,1280,0.18579543775467164,11.890908016298985,59.45454008149492,1739.7050725500321,1873.0728854998233,299.9954216128951,1873.0728854998233,1888.39189885025,1888.6243045700849,542.0475239531733,542.0544125952382,1.6178346391117555,542.0544125952382,545.8739874674674,545.9995296839719,533.5779021867204,541.9476245001533,67.94274991439808,541.9476245001533,543.546085549815,545.0472518095648,35888.69908159995,36022.47143849991,280.52846611091815,36022.47143849991,36048.39616749969,36048.40131269988
data/raw/baseline/qwen/bench_runs_offload_paper1_qwen_fullrep_offload4_20260603_063024/qwen_offload4_conc8_run5.json,qwen_offload4_conc8_run5.json,bench_runs_offload_paper1_qwen_fullrep_offload4_20260603_063024,bench_runs_offload_paper1_qwen_fullrep_offload4_20260603_063024,offload_paper1_qwen_fullrep,qwen25_7b_offload4,Qwen/Qwen2.5-7B-Instruct,20260603-083645,4,8,5,20,1,256,64,0.0,inf,1.0,8,107.63333862699983,20,0,5120,1280,0.18581603297942295,11.892226110683069,59.46113055341535,1738.7737247999667,1874.0240924998943,299.76046080235255,1874.0240924998943,1885.0544439500482,1885.3399143899696,542.0223935976198,542.1348129999922,1.6548089865671383,542.1348129999922,545.9181801023879,545.9196992458716,533.5531389812502,541.8691465001757,67.93067993604451,541.8691465001757,543.0724624498907,545.4528730100901,35886.18452145001,36028.50084600004,283.9764537864207,36028.50084600004,36041.67214045019,36041.94409049001
data/raw/baseline/qwen/bench_runs_offload_paper1_qwen_fullrep_offload4_20260603_063024/qwen_offload4_conc12_run1.json,qwen_offload4_conc12_run1.json,bench_runs_offload_paper1_qwen_fullrep_offload4_20260603_063024,bench_runs_offload_paper1_qwen_fullrep_offload4_20260603_063024,offload_paper1_qwen_fullrep,qwen25_7b_offload4,Qwen/Qwen2.5-7B-Instruct,20260603-083841,4,12,1,20,1,256,64,0.0,inf,1.0,12,72.93016872199951,20,0,5120,1280,0.27423493391654485,17.55103577065887,87.75517885329435,2165.8366778500294,2543.4477989997504,500.2924020043925,2543.4477989997504,2544.821323149381,2545.231907829848,544.9616787944459,545.4287230079335,3.710385072613834,545.4287230079335,546.5855805809417,556.9141870114183,536.4465427265635,544.82883350056,72.35634382115055,544.82883350056,546.2511639503646,547.9190562995427,36498.42244190013,36905.4629835,453.0475556823726,36905.4629835,36907.065779100005,36907.4288022199
data/raw/baseline/qwen/bench_runs_offload_paper1_qwen_fullrep_offload4_20260603_063024/qwen_offload4_conc12_run2.json,qwen_offload4_conc12_run2.json,bench_runs_offload_paper1_qwen_fullrep_offload4_20260603_063024,bench_runs_offload_paper1_qwen_fullrep_offload4_20260603_063024,offload_paper1_qwen_fullrep,qwen25_7b_offload4,Qwen/Qwen2.5-7B-Instruct,20260603-084037,4,12,2,20,1,256,64,0.0,inf,1.0,12,72.92921381700035,20,0,5120,1280,0.274238524635485,17.55126557667104,87.75632788335518,2165.2237491498454,2544.859785999506,501.7090093580835,2544.859785999506,2546.95383745011,2547.3026690897495,544.9576137968246,545.3785486349248,3.6699315616968584,545.3785486349248,546.5627895420622,556.8525239147563,536.442505198437,544.8370485000851,72.33229589163714,544.8370485000851,546.1205449500085,547.9869650893671,36497.553418349795,36903.435104499295,452.49498529372534,36903.435104499295,36905.8287343495,36906.15173966924
data/raw/baseline/qwen/bench_runs_offload_paper1_qwen_fullrep_offload4_20260603_063024/qwen_offload4_conc12_run3.json,qwen_offload4_conc12_run3.json,bench_runs_offload_paper1_qwen_fullrep_offload4_20260603_063024,bench_runs_offload_paper1_qwen_fullrep_offload4_20260603_063024,offload_paper1_qwen_fullrep,qwen25_7b_offload4,Qwen/Qwen2.5-7B-Instruct,20260603-084233,4,12,3,20,1,256,64,0.0,inf,1.0,12,72.94412567499967,20,0,5120,1280,0.27418246246598926,17.547677597823313,87.73838798911656,2163.832219450069,2541.719866499079,500.1642215819765,2541.719866499079,2543.5337551504745,2543.6145606299215,545.0931898349138,545.5254563809384,3.673744934180302,545.5254563809384,546.714715844419,556.9830433212643,536.5759569546824,544.7344530002738,72.34521754271331,544.7344530002738,546.7777905490948,548.1653249100418,36504.70317904965,36909.64798299865,451.09120574195435,36909.64798299865,36911.44423889964,36911.614188580206
data/raw/baseline/qwen/bench_runs_offload_paper1_qwen_fullrep_offload4_20260603_063024/qwen_offload4_conc12_run4.json,qwen_offload4_conc12_run4.json,bench_runs_offload_paper1_qwen_fullrep_offload4_20260603_063024,bench_runs_offload_paper1_qwen_fullrep_offload4_20260603_063024,offload_paper1_qwen_fullrep,qwen25_7b_offload4,Qwen/Qwen2.5-7B-Instruct,20260603-084428,4,12,4,20,1,256,64,0.0,inf,1.0,12,72.94109742100045,20,0,5120,1280,0.2741938455431273,17.548406114760148,87.74203057380075,2166.5670417500223,2544.4419429995833,500.4621600438679,2544.4419429995833,2545.964402700247,2546.5148357399266,545.028101334923,545.4586835317419,3.6883304518770457,545.4586835317419,546.6841601976105,556.9670879379431,536.5119269671936,544.7153325003455,72.36184506826729,544.7153325003455,546.6867915009971,547.6620391097458,36503.33742585017,36908.113502999186,451.06321395605914,36908.113502999186,36910.07775625021,36910.642455250745
data/raw/baseline/qwen/bench_runs_offload_paper1_qwen_fullrep_offload4_20260603_063024/qwen_offload4_conc12_run5.json,qwen_offload4_conc12_run5.json,bench_runs_offload_paper1_qwen_fullrep_offload4_20260603_063024,bench_runs_offload_paper1_qwen_fullrep_offload4_20260603_063024,offload_paper1_qwen_fullrep,qwen25_7b_offload4,Qwen/Qwen2.5-7B-Instruct,20260603-084624,4,12,5,20,1,256,64,0.0,inf,1.0,12,72.92999275399961,20,0,5120,1280,0.2742355956000443,17.551078118402835,87.75539059201418,2162.476351949863,2540.267047501402,499.9711885920739,2540.267047501402,2542.021927749829,2542.357144748985,545.0050606595228,545.4426181269722,3.6746865588729354,545.4426181269722,546.6223486888888,556.8893957949198,536.4892266382839,544.6776959997806,72.32299133461646,544.6776959997806,546.5534183001182,548.3480466193032,36497.7951734998,36902.97212900077,451.3228188405646,36902.97212900077,36904.96275570012,36905.28549273959
data/raw/baseline/qwen/bench_runs_offload_paper1_qwen_fullrep_offload4_20260603_063024/qwen_offload4_conc16_run1.json,qwen_offload4_conc16_run1.json,bench_runs_offload_paper1_qwen_fullrep_offload4_20260603_063024,bench_runs_offload_paper1_qwen_fullrep_offload4_20260603_063024,offload_paper1_qwen_fullrep,qwen25_7b_offload4,Qwen/Qwen2.5-7B-Instruct,20260603-084819,4,16,1,20,1,256,64,0.0,inf,1.0,16,72.12375542300106,20,0,5120,1280,0.27730114554769536,17.747273315052503,88.73636657526252,1987.4024483498943,2193.7338950001504,410.33810141459384,2193.7338950001504,2195.2571856999384,2195.838641939172,544.8281517920661,545.6282520000016,3.235997953710337,545.6282520000016,546.0535396674487,552.4783849747657,536.3150970023482,545.3730819999691,69.3125118076132,545.3730819999691,546.7007645497688,548.7432714997885,36311.57601125006,36568.34402200093,445.55419003904734,36568.34402200093,36569.835547201,36570.42354703946
data/raw/baseline/qwen/bench_runs_offload_paper1_qwen_fullrep_offload4_20260603_063024/qwen_offload4_conc16_run2.json,qwen_offload4_conc16_run2.json,bench_runs_offload_paper1_qwen_fullrep_offload4_20260603_063024,bench_runs_offload_paper1_qwen_fullrep_offload4_20260603_063024,offload_paper1_qwen_fullrep,qwen25_7b_offload4,Qwen/Qwen2.5-7B-Instruct,20260603-085014,4,16,2,20,1,256,64,0.0,inf,1.0,16,72.13514881599986,20,0,5120,1280,0.2772573471916637,17.744470220266475,88.72235110133238,1986.9740717501372,2192.6134265004293,409.9515898417731,2192.6134265004293,2194.9088884508456,2195.1583880903127,544.897627026193,545.6815571269689,3.2042734020030985,545.6815571269689,546.1106688507907,552.5047246400009,536.3835082437517,545.4375469998922,69.31004309087552,545.4375469998922,546.7357407495001,549.1361556002994,36315.5245744003,36570.92404100058,443.67758240081844,36570.92404100058,36573.074785100835,36573.10641782016
data/raw/baseline/qwen/bench_runs_offload_paper1_qwen_fullrep_offload4_20260603_063024/qwen_offload4_conc16_run3.json,qwen_offload4_conc16_run3.json,bench_runs_offload_paper1_qwen_fullrep_offload4_20260603_063024,bench_runs_offload_paper1_qwen_fullrep_offload4_20260603_063024,offload_paper1_qwen_fullrep,qwen25_7b_offload4,Qwen/Qwen2.5-7B-Instruct,20260603-085209,4,16,3,20,1,256,64,0.0,inf,1.0,16,72.14737764399979,20,0,5120,1280,0.2772103526574028,17.74146257007378,88.7073128503689,1990.1574456000162,2196.9577674990433,410.740995288267,2196.9577674990433,2198.6198931005674,2198.939292219384,544.9775821865089,545.773981357155,3.223679726944379,545.773981357155,546.1988899389065,552.5995313211082,536.462146266409,545.5382535001263,69.32942502320313,545.5382535001263,547.1639207005865,549.3161542100097,36323.74512335009,36580.689046999396,445.9908506861851,36580.689046999396,36582.61595960048,36582.939379120326
data/raw/baseline/qwen/bench_runs_offload_paper1_qwen_fullrep_offload4_20260603_063024/qwen_offload4_conc16_run4.json,qwen_offload4_conc16_run4.json,bench_runs_offload_paper1_qwen_fullrep_offload4_20260603_063024,bench_runs_offload_paper1_qwen_fullrep_offload4_20260603_063024,offload_paper1_qwen_fullrep,qwen25_7b_offload4,Qwen/Qwen2.5-7B-Instruct,20260603-085404,4,16,4,20,1,256,64,0.0,inf,1.0,16,72.15028545300083,20,0,5120,1280,0.27719918049427716,17.74074755163374,88.7037377581687,1987.3670963498625,2193.3027149989357,409.85899357778703,2193.3027149989357,2194.9959693498386,2195.192465069267,544.9775719714313,545.7424749761881,3.169515453262517,545.7424749761881,546.1704046317585,552.5625221072993,536.4621823664081,545.5206599999656,69.3201263102533,545.5206599999656,547.1523617005005,549.2193943096754,36320.95413055003,36574.8516879994,441.2695094402777,36574.8516879994,36577.072600198975,36577.19443124037
data/raw/baseline/qwen/bench_runs_offload_paper1_qwen_fullrep_offload4_20260603_063024/qwen_offload4_conc16_run5.json,qwen_offload4_conc16_run5.json,bench_runs_offload_paper1_qwen_fullrep_offload4_20260603_063024,bench_runs_offload_paper1_qwen_fullrep_offload4_20260603_063024,offload_paper1_qwen_fullrep,qwen25_7b_offload4,Qwen/Qwen2.5-7B-Instruct,20260603-085559,4,16,5,20,1,256,64,0.0,inf,1.0,16,72.14181567000014,20,0,5120,1280,0.2772317249608248,17.74283039749279,88.71415198746394,1987.3275390001254,2193.545599000572,410.2155969918455,2193.545599000572,2195.172745248601,2195.599367449504,544.9287592063489,545.700066634925,3.1765415264598147,545.700066634925,546.1235994682414,552.505259512701,536.4141088703178,545.3871789995901,69.31891146325717,545.3871789995901,547.0761375009715,549.4709211000372,36317.8393690001,36572.62815100057,442.495633574579,36572.62815100057,36574.304158249106,36574.7329844502
data/raw/baseline/qwen/bench_runs_offload_paper1_qwen_fullrep_offload8_20260602_133633/qwen_offload8_conc1_run1.json,qwen_offload8_conc1_run1.json,bench_runs_offload_paper1_qwen_fullrep_offload8_20260602_133633,bench_runs_offload_paper1_qwen_fullrep_offload8_20260602_133633,offload_paper1_qwen_fullrep,qwen25_7b_offload8,Qwen/Qwen2.5-7B-Instruct,20260602-140017,8,1,1,20,1,256,64,0.0,inf,1.0,1,1348.9414690699996,20,0,5120,1280,0.014826440181862447,0.9488921716391966,4.744460858195983,2611.7846078002913,2694.782132501132,361.42774124048753,2694.782132501132,2695.809066802394,2697.141495759788,1029.1279614634861,1029.099999714278,0.18980729059893328,1029.099999714278,1029.4156001968336,1029.5619705028696,1013.0476155515624,1029.0283909998834,127.63762984041024,1029.0283909998834,1030.7260177525677,1031.6796755919859,67446.84617999992,67525.69141599997,358.6080051394664,67525.69141599997,67546.6758339011,67557.65430598083
data/raw/baseline/qwen/bench_runs_offload_paper1_qwen_fullrep_offload8_20260602_133633/qwen_offload8_conc1_run2.json,qwen_offload8_conc1_run2.json,bench_runs_offload_paper1_qwen_fullrep_offload8_20260602_133633,bench_runs_offload_paper1_qwen_fullrep_offload8_20260602_133633,offload_paper1_qwen_fullrep,qwen25_7b_offload8,Qwen/Qwen2.5-7B-Instruct,20260602-142328,8,1,2,20,1,256,64,0.0,inf,1.0,1,1317.2867766119998,20,0,5120,1280,0.01518272281715229,0.9716942602977465,4.858471301488732,1035.8346829501897,1035.586752501331,1.116624800455323,1035.586752501331,1037.722895151819,1038.4203190298285,1029.019682198403,1029.012047087322,0.1119301436617668,1029.012047087322,1029.202322861108,1029.208964597623,1012.9410346976413,1028.9884155008622,127.62102568735462,1028.9884155008622,1030.5509984027594,1031.3097196105082,65864.07466144956,65863.40088799989,7.513037493287146,65863.40088799989,65877.77037769956,65878.2048651392
data/raw/baseline/qwen/bench_runs_offload_paper1_qwen_fullrep_offload8_20260602_133633/qwen_offload8_conc1_run3.json,qwen_offload8_conc1_run3.json,bench_runs_offload_paper1_qwen_fullrep_offload8_20260602_133633,bench_runs_offload_paper1_qwen_fullrep_offload8_20260602_133633,offload_paper1_qwen_fullrep,qwen25_7b_offload8,Qwen/Qwen2.5-7B-Instruct,20260602-144639,8,1,3,20,1,256,64,0.0,inf,1.0,1,1317.3503382550007,20,0,5120,1280,0.015181990256663662,0.9716473764264744,4.858236882132372,1035.6566801507142,1035.8560039985605,0.8877179836178074,1035.8560039985605,1036.8984690521756,1037.048387409959,1029.073129973805,1029.08215942068,0.10666053236606332,1029.08215942068,1029.2092460786023,1029.2282598188597,1012.9936464906195,1029.005717000473,127.62799188330857,1029.005717000473,1030.68350754329,1031.699431389934,65867.26386850042,65868.25516250246,6.9037012021768245,65868.25516250246,65877.1062185504,65877.17289411135
data/raw/baseline/qwen/bench_runs_offload_paper1_qwen_fullrep_offload8_20260602_133633/qwen_offload8_conc1_run4.json,qwen_offload8_conc1_run4.json,bench_runs_offload_paper1_qwen_fullrep_offload8_20260602_133633,bench_runs_offload_paper1_qwen_fullrep_offload8_20260602_133633,offload_paper1_qwen_fullrep,qwen25_7b_offload8,Qwen/Qwen2.5-7B-Instruct,20260602-150950,8,1,4,20,1,256,64,0.0,inf,1.0,1,1317.3398593810052,20,0,5120,1280,0.015182111022889452,0.971655105464925,4.858275527324625,1035.7712452001579,1036.0159235024184,1.1820333261732567,1036.0159235024184,1037.6563743011502,1037.6996380618948,1029.0629851571537,1029.0883650793855,0.14176220847726106,1029.0883650793855,1029.2604992833992,1029.3354410376357,1012.9836275078219,1028.9918814960402,127.62641123198124,1028.9918814960402,1030.647123104427,1031.5512774953822,65866.73931010082,65867.07879000096,8.692770764180755,65867.07879000096,65878.8395997497,65883.44138074805
data/raw/baseline/qwen/bench_runs_offload_paper1_qwen_fullrep_offload8_20260602_133633/qwen_offload8_conc1_run5.json,qwen_offload8_conc1_run5.json,bench_runs_offload_paper1_qwen_fullrep_offload8_20260602_133633,bench_runs_offload_paper1_qwen_fullrep_offload8_20260602_133633,offload_paper1_qwen_fullrep,qwen25_7b_offload8,Qwen/Qwen2.5-7B-Instruct,20260602-153301,8,1,5,20,1,256,64,0.0,inf,1.0,1,1317.3831646000035,20,0,5120,1280,0.015181611954235496,0.9716231650710717,4.858115825355358,1035.8167701488128,1035.3553329987335,1.2966486672065791,1035.3553329987335,1038.2028795505903,1038.236631908585,1029.0967919253967,1029.1262759126853,0.1266592396157839,1029.1262759126853,1029.2587403118973,1029.3126276052035,1013.0169846007959,1029.0889914977015,127.63056215264825,1029.0889914977015,1030.7001501550985,1031.6098613876966,65868.9146614488,65871.34897799842,8.441349318784125,65871.34897799842,65879.90588145076,65881.78311868753
data/raw/baseline/qwen/bench_runs_offload_paper1_qwen_fullrep_offload8_20260602_133633/qwen_offload8_conc2_run1.json,qwen_offload8_conc2_run1.json,bench_runs_offload_paper1_qwen_fullrep_offload8_20260602_133633,bench_runs_offload_paper1_qwen_fullrep_offload8_20260602_133633,offload_paper1_qwen_fullrep,qwen25_7b_offload8,Qwen/Qwen2.5-7B-Instruct,20260602-154517,8,2,1,20,1,256,64,0.0,inf,1.0,2,662.3194434830002,20,0,5120,1280,0.030196909054676334,1.9326021794992854,9.663010897496427,2204.4853495994175,3080.6262089972734,1029.174265096581,3080.6262089972734,3087.4650437057426,3088.1583415441855,1014.6722751349038,1014.7664920476105,0.26166809955460246,1014.7664920476105,1014.9802916944903,1014.981045602392,998.8178386351592,1014.351945999806,125.85702233241983,1014.351945999806,1016.2700548007706,1028.2930140640383,66128.83868309837,67014.7706980024,1044.0826400276437,67014.7706980024,67027.22559420108,67028.35211484147
data/raw/baseline/qwen/bench_runs_offload_paper1_qwen_fullrep_offload8_20260602_133633/qwen_offload8_conc2_run2.json,qwen_offload8_conc2_run2.json,bench_runs_offload_paper1_qwen_fullrep_offload8_20260602_133633,bench_runs_offload_paper1_qwen_fullrep_offload8_20260602_133633,offload_paper1_qwen_fullrep,qwen25_7b_offload8,Qwen/Qwen2.5-7B-Instruct,20260602-155735,8,2,2,20,1,256,64,0.0,inf,1.0,2,664.547661646,20,0,5120,1280,0.030095659279670842,1.926122193898934,9.630610969494668,2429.1177111012075,3080.2359390036145,946.2824191237676,3080.2359390036145,3085.8532078025746,3085.973193561367,1014.6440941222186,1014.6732714444897,0.144407890138715,1014.6732714444897,1014.8027321611556,1014.8333421020328,998.7900835202993,1014.2682270015939,125.85446163648903,1014.2682270015939,1016.3966498032096,1027.5329110617895,66351.69564080097,67008.35574650046,954.2550234488853,67008.35574650046,67014.73380565294,67015.10860193172
data/raw/baseline/qwen/bench_runs_offload_paper1_qwen_fullrep_offload8_20260602_133633/qwen_offload8_conc2_run3.json,qwen_offload8_conc2_run3.json,bench_runs_offload_paper1_qwen_fullrep_offload8_20260602_133633,bench_runs_offload_paper1_qwen_fullrep_offload8_20260602_133633,offload_paper1_qwen_fullrep,qwen25_7b_offload8,Qwen/Qwen2.5-7B-Instruct,20260602-160955,8,2,3,20,1,256,64,0.0,inf,1.0,2,666.7994672420027,20,0,5120,1280,0.029994025164302305,1.9196176105153475,9.598088052576738,2653.9741762499034,3081.851633000042,797.4551583961144,3081.851633000042,3086.5960578514205,3088.636032372451,1014.6467864650774,1014.7015120079259,0.21397424762547868,1014.7015120079259,1014.9742130150346,1014.9840437839655,998.7927319109247,1014.2125564998423,125.85829453343156,1014.2125564998423,1016.2776144537928,1028.5367000431143,66576.72172354978,67009.03950399879,807.3829304148506,67009.03950399879,67027.05352005396,67031.39526401057
data/raw/baseline/qwen/bench_runs_offload_paper1_qwen_fullrep_offload8_20260602_133633/qwen_offload8_conc2_run4.json,qwen_offload8_conc2_run4.json,bench_runs_offload_paper1_qwen_fullrep_offload8_20260602_133633,bench_runs_offload_paper1_qwen_fullrep_offload8_20260602_133633,offload_paper1_qwen_fullrep,qwen25_7b_offload8,Qwen/Qwen2.5-7B-Instruct,20260602-162216,8,2,4,20,1,256,64,0.0,inf,1.0,2,666.8311710820053,20,0,5120,1280,0.02999259912752406,1.9195263441615398,9.5976317208077,2653.770551550406,3081.369227998948,796.6230539247912,3081.369227998948,3088.005463543959,3088.0122815103095,1014.7028310261894,1014.7346067142427,0.18592400523082958,1014.7346067142427,1014.9133173603619,1014.9805391673148,998.8478592132822,1014.2965884988371,125.86438308751572,1014.2965884988371,1016.2798281482537,1028.3898751139352,66580.04890620032,67012.14748050188,806.156692624686,67012.14748050188,67026.08478460497,67026.15270731862
data/raw/baseline/qwen/bench_runs_offload_paper1_qwen_fullrep_offload8_20260602_133633/qwen_offload8_conc2_run5.json,qwen_offload8_conc2_run5.json,bench_runs_offload_paper1_qwen_fullrep_offload8_20260602_133633,bench_runs_offload_paper1_qwen_fullrep_offload8_20260602_133633,offload_paper1_qwen_fullrep,qwen25_7b_offload8,Qwen/Qwen2.5-7B-Instruct,20260602-163438,8,2,5,20,1,256,64,0.0,inf,1.0,2,669.1111223649932,20,0,5120,1280,0.029890401357115997,1.9129856868554238,9.56492843427712,2879.9929728993447,3083.5257534999982,521.1721075390926,3083.5257534999982,3087.8501374470943,3089.462666686595,1014.7313408484133,1014.7492520793872,0.11674653968530402,1014.7492520793872,1014.890883708716,1014.9043305576415,998.8759786828155,1014.3015664980339,125.87163393128075,1014.3015664980339,1016.5652344465343,1029.3970159161836,66808.06744634938,67013.69488349519,524.4828877905447,67013.69488349519,67022.34020229444,67023.51334285879
data/raw/baseline/qwen/bench_runs_offload_paper1_qwen_fullrep_offload8_20260602_133633/qwen_offload8_conc4_run1.json,qwen_offload8_conc4_run1.json,bench_runs_offload_paper1_qwen_fullrep_offload8_20260602_133633,bench_runs_offload_paper1_qwen_fullrep_offload8_20260602_133633,offload_paper1_qwen_fullrep,qwen25_7b_offload8,Qwen/Qwen2.5-7B-Instruct,20260602-164125,8,4,1,20,1,256,64,0.0,inf,1.0,4,333.5168718109999,20,0,5120,1280,0.05996698125465079,3.8378868002976505,19.18943400148825,2637.417030550205,2901.6365175011742,546.0340164828117,2901.6365175011742,3059.2130059998453,3061.411959603065,1015.3018695746027,1015.8768973174914,1.108932898191001,1015.8768973174914,1016.047553920633,1016.0478557492382,999.4375577093763,1015.784145998623,126.36375639954787,1015.784145998623,1017.8578495972033,1019.3552646972968,66601.43481375017,66905.22475100079,567.073527724903,66905.22475100079,66912.24207384876,66912.41848277117
data/raw/baseline/qwen/bench_runs_offload_paper1_qwen_fullrep_offload8_20260602_133633/qwen_offload8_conc4_run2.json,qwen_offload8_conc4_run2.json,bench_runs_offload_paper1_qwen_fullrep_offload8_20260602_133633,bench_runs_offload_paper1_qwen_fullrep_offload8_20260602_133633,offload_paper1_qwen_fullrep,qwen25_7b_offload8,Qwen/Qwen2.5-7B-Instruct,20260602-164806,8,4,2,20,1,256,64,0.0,inf,1.0,4,327.43421412799944,20,0,5120,1280,0.06108097180150413,3.9091821952962644,19.545910976481323,1404.4414330506697,887.6939120018505,749.1162088528608,887.6939120018505,2904.97921604765,2904.9976240137767,1015.5626183031725,1015.831559801593,0.7710941023373201,1015.831559801593,1015.8701740159324,1015.8701754634923,999.6942667320354,1015.7841070031282,126.13083798350324,1015.7841070031282,1017.6159035545425,1018.7211304299852,65384.88638615054,64882.53412400445,749.9335246876656,64882.53412400445,66904.64995069851,66904.76915974068
data/raw/baseline/qwen/bench_runs_offload_paper1_qwen_fullrep_offload8_20260602_133633/qwen_offload8_conc4_run3.json,qwen_offload8_conc4_run3.json,bench_runs_offload_paper1_qwen_fullrep_offload8_20260602_133633,bench_runs_offload_paper1_qwen_fullrep_offload8_20260602_133633,offload_paper1_qwen_fullrep,qwen25_7b_offload8,Qwen/Qwen2.5-7B-Instruct,20260602-165453,8,4,3,20,1,256,64,0.0,inf,1.0,4,333.4857725990005,20,0,5120,1280,0.05997257347481799,3.8382447023883515,19.191223511941757,2637.262383250345,2901.3322645005246,545.8373805668854,2901.3322645005246,3059.8979902028077,3060.5768404385162,1015.2046526730012,1015.7402334127314,1.1151616630313166,1015.7402334127314,1015.9931236111406,1015.9931307285146,999.3418935726538,1015.7735259999754,126.35367189176525,1015.7735259999754,1017.3419450969958,1018.6448480043326,66595.15550164942,66898.08380499744,568.4694411944981,66898.08380499744,66909.04506715378,66909.13946143191
data/raw/baseline/qwen/bench_runs_offload_paper1_qwen_fullrep_offload8_20260602_133633/qwen_offload8_conc4_run4.json,qwen_offload8_conc4_run4.json,bench_runs_offload_paper1_qwen_fullrep_offload8_20260602_133633,bench_runs_offload_paper1_qwen_fullrep_offload8_20260602_133633,offload_paper1_qwen_fullrep,qwen25_7b_offload8,Qwen/Qwen2.5-7B-Instruct,20260602-170140,8,4,4,20,1,256,64,0.0,inf,1.0,4,333.4838442229957,20,0,5120,1280,0.05997292026724478,3.838266897103666,19.19133448551833,2638.900601500063,2902.3827290002373,546.5654845225231,2902.3827290002373,3060.2537741498963,3060.4823996282357,1015.1738523626952,1015.7206222698618,1.0981404863741828,1015.7206222698618,1015.9393030078862,1015.9393038523546,999.3115794703101,1015.7811575008964,126.34200658001885,1015.7811575008964,1017.4149520014907,1018.921593380728,66594.85330034986,66894.57432649579,562.8957016860099,66894.57432649579,66905.79534300159,66906.80051899682
data/raw/baseline/qwen/bench_runs_offload_paper1_qwen_fullrep_offload8_20260602_133633/qwen_offload8_conc4_run5.json,qwen_offload8_conc4_run5.json,bench_runs_offload_paper1_qwen_fullrep_offload8_20260602_133633,bench_runs_offload_paper1_qwen_fullrep_offload8_20260602_133633,offload_paper1_qwen_fullrep,qwen25_7b_offload8,Qwen/Qwen2.5-7B-Instruct,20260602-170827,8,4,5,20,1,256,64,0.0,inf,1.0,4,333.5127148180036,20,0,5120,1280,0.05996772869938081,3.8379346367603717,19.189673183801858,2639.081466448988,2901.5461314993445,545.4231728781308,2901.5461314993445,3060.2019503006886,3060.395146857336,1015.2615445531872,1015.8175717777569,1.1064181748260584,1015.8175717777569,1016.0776253698656,1016.0806304581245,999.3978907812334,1015.8256840004469,126.35282863373976,1015.8256840004469,1017.7295740002592,1018.6995083984949,66600.55877329978,66897.60457349985,559.5930611559734,66897.60457349985,66912.29737334688,66912.52422346741
data/raw/baseline/qwen/bench_runs_offload_paper1_qwen_fullrep_offload8_20260602_133633/qwen_offload8_conc8_run1.json,qwen_offload8_conc8_run1.json,bench_runs_offload_paper1_qwen_fullrep_offload8_20260602_133633,bench_runs_offload_paper1_qwen_fullrep_offload8_20260602_133633,offload_paper1_qwen_fullrep,qwen25_7b_offload8,Qwen/Qwen2.5-7B-Instruct,20260602-171303,8,8,1,20,1,256,64,0.0,inf,1.0,8,202.40164408500277,20,0,5120,1280,0.09881342659252602,6.3240593019216655,31.620296509608327,3272.370838950519,3532.952462999674,569.2720066793706,3532.952462999674,3549.258545946577,3549.55240679039,1019.1350324333359,1019.1152076269705,2.9670483056611956,1019.1152076269705,1026.5677430325302,1026.6359570255493,1003.2108833210884,1018.864912999561,127.79892779163912,1018.864912999561,1020.6923499561526,1022.1084072494704,67477.87788225069,67744.2577949987,525.1583879378311,67744.2577949987,67753.48084994876,67753.77927079411
data/raw/baseline/qwen/bench_runs_offload_paper1_qwen_fullrep_offload8_20260602_133633/qwen_offload8_conc8_run2.json,qwen_offload8_conc8_run2.json,bench_runs_offload_paper1_qwen_fullrep_offload8_20260602_133633,bench_runs_offload_paper1_qwen_fullrep_offload8_20260602_133633,offload_paper1_qwen_fullrep,qwen25_7b_offload8,Qwen/Qwen2.5-7B-Instruct,20260602-171739,8,8,2,20,1,256,64,0.0,inf,1.0,8,202.3884876670054,20,0,5120,1280,0.09881985003468417,6.324470402219787,31.622352011098936,3270.0140121502045,3529.59198699682,568.5835803028709,3529.59198699682,3545.828677048121,3546.205242607539,1019.1190029499952,1019.0987526507272,2.9972698349677716,1019.0987526507272,1026.4954064103335,1026.6306583867936,1003.1951386968672,1018.817885502358,127.79363646580529,1018.817885502358,1020.8076679999067,1021.8140190577833,67474.51119799989,67744.73930199747,527.575325780065,67744.73930199747,67749.04238554736,67749.40886591183
data/raw/baseline/qwen/bench_runs_offload_paper1_qwen_fullrep_offload8_20260602_133633/qwen_offload8_conc8_run3.json,qwen_offload8_conc8_run3.json,bench_runs_offload_paper1_qwen_fullrep_offload8_20260602_133633,bench_runs_offload_paper1_qwen_fullrep_offload8_20260602_133633,offload_paper1_qwen_fullrep,qwen25_7b_offload8,Qwen/Qwen2.5-7B-Instruct,20260602-172215,8,8,3,20,1,256,64,0.0,inf,1.0,8,202.40022525999666,20,0,5120,1280,0.09881411927436672,6.32410363355947,31.620518167797346,3274.039557800279,3537.708615502197,570.3949000629079,3537.708615502197,3549.2952861506637,3549.6929204319167,1019.0911087809551,1018.9894586349379,2.937153381689393,1018.9894586349379,1026.468823341265,1026.6011686555487,1003.1676362507595,1018.7401369985309,127.80008723389396,1018.7401369985309,1020.3908630050136,1021.695035709272,67476.77941100046,67733.96547749871,523.3222232682728,67733.96547749871,67759.79124510159,67760.17787382
data/raw/baseline/qwen/bench_runs_offload_paper1_qwen_fullrep_offload8_20260602_133633/qwen_offload8_conc8_run4.json,qwen_offload8_conc8_run4.json,bench_runs_offload_paper1_qwen_fullrep_offload8_20260602_133633,bench_runs_offload_paper1_qwen_fullrep_offload8_20260602_133633,offload_paper1_qwen_fullrep,qwen25_7b_offload8,Qwen/Qwen2.5-7B-Instruct,20260602-172651,8,8,4,20,1,256,64,0.0,inf,1.0,8,202.38687734500127,20,0,5120,1280,0.09882063630986684,6.324520723831478,31.622603619157392,3272.0208599490434,3534.9468209969928,569.8217356614406,3534.9468209969928,3546.869283099295,3547.2193862182758,1019.0601582341357,1019.0932704127114,2.958696132288791,1019.0932704127114,1026.5162531595763,1026.5205513938129,1003.1371763750143,1018.7478570005624,127.79299819700213,1018.7478570005624,1020.406065447969,1021.4052282087505,67472.81082869958,67737.64475200005,525.0207079015543,67737.64475200005,67749.88120095077,67749.88247699075
data/raw/baseline/qwen/bench_runs_offload_paper1_qwen_fullrep_offload8_20260602_133633/qwen_offload8_conc8_run5.json,qwen_offload8_conc8_run5.json,bench_runs_offload_paper1_qwen_fullrep_offload8_20260602_133633,bench_runs_offload_paper1_qwen_fullrep_offload8_20260602_133633,offload_paper1_qwen_fullrep,qwen25_7b_offload8,Qwen/Qwen2.5-7B-Instruct,20260602-173127,8,8,5,20,1,256,64,0.0,inf,1.0,8,202.37980403900292,20,0,5120,1280,0.09882409015548593,6.3247417699511,31.6237088497555,3272.9702624492347,3532.780013501906,568.8419232149579,3532.780013501906,3549.494050100475,3549.8224324210605,1018.990086719044,1018.9086586507896,2.939431502243206,1018.9086586507896,1026.3535953396636,1026.5051452266903,1003.0682083210878,1018.6979045029148,127.77669249737956,1018.6979045029148,1020.6665105506545,1021.8697909967158,67469.34572574901,67736.33492149747,523.7103548008674,67736.33492149747,67740.70395204799,67741.02211920843
data/raw/baseline/qwen/bench_runs_offload_paper1_qwen_fullrep_offload8_20260602_133633/qwen_offload8_conc12_run1.json,qwen_offload8_conc12_run1.json,bench_runs_offload_paper1_qwen_fullrep_offload8_20260602_133633,bench_runs_offload_paper1_qwen_fullrep_offload8_20260602_133633,offload_paper1_qwen_fullrep,qwen25_7b_offload8,Qwen/Qwen2.5-7B-Instruct,20260602-173458,8,12,1,20,1,256,64,0.0,inf,1.0,12,137.18250120800076,20,0,5120,1280,0.14579118928350288,9.330636114144184,46.65318057072092,4080.5350784496113,4792.500220497459,944.936738664115,4792.500220497459,4794.273317199259,4794.635703441745,1025.0189056999911,1026.0025251904844,7.150179241349786,1026.0025251904844,1028.0509454975959,1047.9052806423854,1009.0028557960977,1025.11730799597,136.30520890420786,1025.11730799597,1027.242628550448,1028.8468659092177,68656.72613754905,69430.84716799785,860.2881954266481,69430.84716799785,69432.57125919918,69432.94278064044
data/raw/baseline/qwen/bench_runs_offload_paper1_qwen_fullrep_offload8_20260602_133633/qwen_offload8_conc12_run2.json,qwen_offload8_conc12_run2.json,bench_runs_offload_paper1_qwen_fullrep_offload8_20260602_133633,bench_runs_offload_paper1_qwen_fullrep_offload8_20260602_133633,offload_paper1_qwen_fullrep,qwen25_7b_offload8,Qwen/Qwen2.5-7B-Instruct,20260602-173828,8,12,2,20,1,256,64,0.0,inf,1.0,12,137.16192476200376,20,0,5120,1280,0.14581306025489915,9.332035856313546,46.66017928156773,4077.3388218007317,4788.6265109991655,944.1385795090345,4788.6265109991655,4790.186312950391,4790.707276988251,1024.898044163476,1025.8614691428813,7.130413019540602,1025.8614691428813,1027.9312945760987,1047.7513221025629,1008.8839062453019,1024.9152219985262,136.29381788981235,1024.9152219985262,1027.0260019937268,1029.3761699151219,68645.91560409972,69417.95547850052,858.1673688476791,69417.95547850052,69419.65927600359,69420.17996719915
data/raw/baseline/qwen/bench_runs_offload_paper1_qwen_fullrep_offload8_20260602_133633/qwen_offload8_conc12_run3.json,qwen_offload8_conc12_run3.json,bench_runs_offload_paper1_qwen_fullrep_offload8_20260602_133633,bench_runs_offload_paper1_qwen_fullrep_offload8_20260602_133633,offload_paper1_qwen_fullrep,qwen25_7b_offload8,Qwen/Qwen2.5-7B-Instruct,20260602-174159,8,12,3,20,1,256,64,0.0,inf,1.0,12,137.1732972030004,20,0,5120,1280,0.1458009715287542,9.33126217784027,46.65631088920134,4077.7081745989562,4789.493631997175,944.4834354518205,4789.493631997175,4791.265329550515,4791.279899509536,1024.9801075627074,1025.9267803651003,7.106176453373475,1025.9267803651003,1028.030185349249,1047.7804672412249,1008.9646555195316,1025.2885369991418,136.28539154920233,1025.2885369991418,1027.356432999295,1028.200327579398,68651.45495104953,69422.89965549935,857.7098697215495,69422.89965549935,69424.77360165067,69424.8448083314
data/raw/baseline/qwen/bench_runs_offload_paper1_qwen_fullrep_offload8_20260602_133633/qwen_offload8_conc12_run4.json,qwen_offload8_conc12_run4.json,bench_runs_offload_paper1_qwen_fullrep_offload8_20260602_133633,bench_runs_offload_paper1_qwen_fullrep_offload8_20260602_133633,offload_paper1_qwen_fullrep,qwen25_7b_offload8,Qwen/Qwen2.5-7B-Instruct,20260602-174530,8,12,4,20,1,256,64,0.0,inf,1.0,12,137.16239429800044,20,0,5120,1280,0.1458125611058363,9.332003910773523,46.66001955386761,4081.6907426502435,4797.707790999993,948.1987165857183,4797.707790999993,4799.529890997292,4799.800618202789,1024.8550105809652,1025.8439970397349,7.1648253049311,1025.8439970397349,1027.7804555991652,1047.7821796912838,1008.8415189601618,1025.0359150013537,136.35703852417865,1025.0359150013537,1027.4486124984833,1029.5543502979854,68647.55640925105,69425.9569575006,864.9869175998197,69425.9569575006,69427.79772454924,69428.09075851073
data/raw/baseline/qwen/bench_runs_offload_paper1_qwen_fullrep_offload8_20260602_133633/qwen_offload8_conc12_run5.json,qwen_offload8_conc12_run5.json,bench_runs_offload_paper1_qwen_fullrep_offload8_20260602_133633,bench_runs_offload_paper1_qwen_fullrep_offload8_20260602_133633,offload_paper1_qwen_fullrep,qwen25_7b_offload8,Qwen/Qwen2.5-7B-Instruct,20260602-174901,8,12,5,20,1,256,64,0.0,inf,1.0,12,137.15101686699927,20,0,5120,1280,0.1458246570595593,9.332778051811795,46.663890259058974,4079.1341535488755,4792.745452497911,946.0385885024755,4792.745452497911,4794.704725556221,4794.737185909908,1024.8028659230351,1025.8086771270123,7.160427526326251,1025.8086771270123,1027.7639854436225,1047.685861812542,1008.7901753320637,1025.0606820009125,136.29334633931086,1025.0606820009125,1027.072002553905,1027.7911971545109,68641.71470670008,69418.50868199617,863.4924846629283,69418.50868199617,69420.49093124879,69420.64097425216
data/raw/baseline/qwen/bench_runs_offload_paper1_qwen_fullrep_offload8_20260602_133633/qwen_offload8_conc16_run1.json,qwen_offload8_conc16_run1.json,bench_runs_offload_paper1_qwen_fullrep_offload8_20260602_133633,bench_runs_offload_paper1_qwen_fullrep_offload8_20260602_133633,offload_paper1_qwen_fullrep,qwen25_7b_offload8,Qwen/Qwen2.5-7B-Instruct,20260602-175230,8,16,1,20,1,256,64,0.0,inf,1.0,16,135.6407532029989,20,0,5120,1280,0.14744831127609676,9.436691921670192,47.183459608350965,3715.1489523508644,4098.589217501285,765.9259913939135,4098.589217501285,4100.224495548173,4100.246832706616,1024.7073367873077,1026.0894629126785,5.8684034262737335,1026.0894629126785,1026.881403411827,1038.9070513236254,1008.6961733898421,1025.5253129980701,130.28718767481456,1025.5253129980701,1028.3894040512678,1029.4205931045144,68271.71116995123,68742.00027950428,816.5943171866444,68742.00027950428,68743.84452200538,68743.85315560256
data/raw/baseline/qwen/bench_runs_offload_paper1_qwen_fullrep_offload8_20260602_133633/qwen_offload8_conc16_run2.json,qwen_offload8_conc16_run2.json,bench_runs_offload_paper1_qwen_fullrep_offload8_20260602_133633,bench_runs_offload_paper1_qwen_fullrep_offload8_20260602_133633,offload_paper1_qwen_fullrep,qwen25_7b_offload8,Qwen/Qwen2.5-7B-Instruct,20260602-175559,8,16,2,20,1,256,64,0.0,inf,1.0,16,135.63770347699756,20,0,5120,1280,0.14745162655597266,9.43690409958225,47.18452049791126,3716.8217264003033,4100.005726002564,765.7312645296593,4100.005726002564,4101.556047401391,4102.069813481066,1024.7118595849315,1026.1311691270198,5.919003196471203,1026.1311691270198,1026.921548222971,1038.9140879049214,1008.7006200976476,1025.6635200021265,130.2863198429189,1025.6635200021265,1028.4242690482643,1028.8276935964677,68273.66888025099,68746.13277750177,820.2964539032299,68746.13277750177,68747.9031342984,68748.34804285842
data/raw/baseline/qwen/bench_runs_offload_paper1_qwen_fullrep_offload8_20260602_133633/qwen_offload8_conc16_run3.json,qwen_offload8_conc16_run3.json,bench_runs_offload_paper1_qwen_fullrep_offload8_20260602_133633,bench_runs_offload_paper1_qwen_fullrep_offload8_20260602_133633,offload_paper1_qwen_fullrep,qwen25_7b_offload8,Qwen/Qwen2.5-7B-Instruct,20260602-175928,8,16,3,20,1,256,64,0.0,inf,1.0,16,135.64501080100308,20,0,5120,1280,0.14744368319849846,9.436395724703901,47.181978623519505,3716.5878821513616,4099.551629999041,765.9307263192702,4099.551629999041,4101.889277600276,4101.950922718097,1024.7543309984192,1026.1587599603183,5.896110839081712,1026.1587599603183,1026.948832284977,1038.9486389903589,1008.7424143304644,1025.6329929979984,130.29723963138827,1025.6329929979984,1027.896442000565,1029.7843863051094,68276.11073505177,68747.58091750118,818.7884851246581,68747.58091750118,68749.88307760141,68749.93937232051
data/raw/baseline/qwen/bench_runs_offload_paper1_qwen_fullrep_offload8_20260602_133633/qwen_offload8_conc16_run4.json,qwen_offload8_conc16_run4.json,bench_runs_offload_paper1_qwen_fullrep_offload8_20260602_133633,bench_runs_offload_paper1_qwen_fullrep_offload8_20260602_133633,offload_paper1_qwen_fullrep,qwen25_7b_offload8,Qwen/Qwen2.5-7B-Instruct,20260602-180258,8,16,4,20,1,256,64,0.0,inf,1.0,16,135.64864871499594,20,0,5120,1280,0.14743972895757274,9.436142653284655,47.180713266423275,3716.0165586497897,4098.494861002109,764.8884798074643,4098.494861002109,4100.47872569703,4100.889242734411,1024.7251977674637,1026.1003474920542,5.849853943589106,1026.1003474920542,1026.8907139532184,1038.8914157938184,1008.7137541351694,1025.6848335011455,130.27438416882367,1025.6848335011455,1027.455659552652,1028.5129509015678,68273.70401799999,68742.82857300204,814.5152316490628,68742.82857300204,68744.79189074773,68745.21774534776
data/raw/baseline/qwen/bench_runs_offload_paper1_qwen_fullrep_offload8_20260602_133633/qwen_offload8_conc16_run5.json,qwen_offload8_conc16_run5.json,bench_runs_offload_paper1_qwen_fullrep_offload8_20260602_133633,bench_runs_offload_paper1_qwen_fullrep_offload8_20260602_133633,offload_paper1_qwen_fullrep,qwen25_7b_offload8,Qwen/Qwen2.5-7B-Instruct,20260602-180627,8,16,5,20,1,256,64,0.0,inf,1.0,16,135.63784095099982,20,0,5120,1280,0.14745147710825882,9.436894534928564,47.18447267464282,3716.2584924997645,4099.1606095012685,765.4569701659318,4099.1606095012685,4100.955264345612,4101.154207268191,1024.6879093738241,1026.0877536031387,5.894931708716497,1026.0877536031387,1026.8845487825088,1038.8893879786926,1008.6770440992268,1025.6748380015779,130.28747958279385,1025.6748380015779,1028.0832670505333,1029.8962352980743,68271.5967830507,68742.68885200217,817.9734112591709,68742.68885200217,68744.69196054961,68744.71030010747
data/raw/baseline/qwen/bench_runs_offload_paper1_qwen_fullrep_offload12_20260602_054131/qwen_offload12_conc1_run1.json,qwen_offload12_conc1_run1.json,bench_runs_offload_paper1_qwen_fullrep_offload12_20260602_054131,bench_runs_offload_paper1_qwen_fullrep_offload12_20260602_054131,offload_paper1_qwen_fullrep,qwen25_7b_offload12,Qwen/Qwen2.5-7B-Instruct,20260602-061612,12,1,1,20,1,256,64,0.0,inf,1.0,1,1974.637206127,20,0,5120,1280,0.010128442803540333,0.6482203394265813,3.2411016971329065,3817.7716431000363,3939.5633100000396,529.7641945145815,3939.5633100000396,3942.5388614000894,3942.7409514801457,1506.5683872634916,1506.4646933492045,0.33589969254410945,1506.4646933492045,1507.146763681746,1507.5939546665074,1483.0280034070306,1506.4222805000327,186.8509207809987,1506.4222805000327,1508.4599205500297,1509.6267444197974,98731.5800407,98847.21191850008,536.7988498307236,98847.21191850008,98890.45041355,98917.21654271
data/raw/baseline/qwen/bench_runs_offload_paper1_qwen_fullrep_offload12_20260602_054131/qwen_offload12_conc1_run2.json,qwen_offload12_conc1_run2.json,bench_runs_offload_paper1_qwen_fullrep_offload12_20260602_054131,bench_runs_offload_paper1_qwen_fullrep_offload12_20260602_054131,offload_paper1_qwen_fullrep,qwen25_7b_offload12,Qwen/Qwen2.5-7B-Instruct,20260602-065006,12,1,2,20,1,256,64,0.0,inf,1.0,1,1928.462151065,20,0,5120,1280,0.010370958013853127,0.6637413128866001,3.3187065644330005,1509.271773249975,1509.129870499919,1.3779763292057359,1509.129870499919,1511.2627168500467,1511.8279417702024,1506.5647796428575,1506.5584458650787,0.1616700914907001,1506.5584458650787,1506.7561789960364,1506.7694905166636,1483.0245085023441,1506.5316019999955,186.84577189008778,1506.5316019999955,1508.4895207492536,1509.4464670501793,96422.85289074999,96422.49966350004,10.605458537654194,96422.49966350004,96434.83433750024,96436.48021629993
data/raw/baseline/qwen/bench_runs_offload_paper1_qwen_fullrep_offload12_20260602_054131/qwen_offload12_conc1_run3.json,qwen_offload12_conc1_run3.json,bench_runs_offload_paper1_qwen_fullrep_offload12_20260602_054131,bench_runs_offload_paper1_qwen_fullrep_offload12_20260602_054131,offload_paper1_qwen_fullrep,qwen25_7b_offload12,Qwen/Qwen2.5-7B-Instruct,20260602-072358,12,1,3,20,1,256,64,0.0,inf,1.0,1,1928.3634539679997,20,0,5120,1280,0.01037148881806795,0.6637752843563488,3.318876421781744,1509.2775551999239,1509.1184725001767,1.0451442276661544,1509.1184725001767,1510.7158614998752,1511.283817100184,1506.4864853563515,1506.4929008254003,0.18545574704284637,1506.4929008254003,1506.7861652055572,1506.795837460167,1482.9474441109376,1506.440796500101,186.83596750284016,1506.440796500101,1508.3673516501676,1509.4926796301388,96417.92613265007,96417.37292800008,12.085428532976351,96417.37292800008,96438.78182800059,96438.88766560038
data/raw/baseline/qwen/bench_runs_offload_paper1_qwen_fullrep_offload12_20260602_054131/qwen_offload12_conc1_run4.json,qwen_offload12_conc1_run4.json,bench_runs_offload_paper1_qwen_fullrep_offload12_20260602_054131,bench_runs_offload_paper1_qwen_fullrep_offload12_20260602_054131,offload_paper1_qwen_fullrep,qwen25_7b_offload12,Qwen/Qwen2.5-7B-Instruct,20260602-075751,12,1,4,20,1,256,64,0.0,inf,1.0,1,1928.3993421140003,20,0,5120,1280,0.010371295801249899,0.6637629312799935,3.318814656399968,1508.9762073000202,1508.9291945000696,0.9110790581351967,1508.9291945000696,1510.2176877500824,1510.521106349588,1506.519637331746,1506.4787711428705,0.20013765013317436,1506.4787711428705,1506.7988511801611,1506.8204265788952,1482.980041930466,1506.4659600002415,186.84005395474338,1506.4659600002415,1508.4102215488201,1509.259657009734,96419.71335920002,96417.8382580003,12.264263466604222,96417.8382580003,96436.67633359955,96439.19800752033
data/raw/baseline/qwen/bench_runs_offload_paper1_qwen_fullrep_offload12_20260602_054131/qwen_offload12_conc1_run5.json,qwen_offload12_conc1_run5.json,bench_runs_offload_paper1_qwen_fullrep_offload12_20260602_054131,bench_runs_offload_paper1_qwen_fullrep_offload12_20260602_054131,offload_paper1_qwen_fullrep,qwen25_7b_offload12,Qwen/Qwen2.5-7B-Instruct,20260602-083143,12,1,5,20,1,256,64,0.0,inf,1.0,1,1928.5001231280003,20,0,5120,1280,0.010370753810251399,0.6637282438560895,3.3186412192804475,1509.698331400159,1509.726931500154,0.9355687036931157,1509.726931500154,1511.0462752492822,1511.3885374492747,1506.5880190325386,1506.5627750952285,0.15458904920236624,1506.5627750952285,1506.7497885119049,1506.9631719627002,1483.0473422749974,1506.547833500008,186.8488832214567,1506.547833500008,1508.5363617001349,1509.7638665290833,96424.74353045008,96424.53557399948,9.8212461210882,96424.53557399948,96434.88752259946,96447.80294131939
data/raw/baseline/qwen/bench_runs_offload_paper1_qwen_fullrep_offload12_20260602_054131/qwen_offload12_conc2_run1.json,qwen_offload12_conc2_run1.json,bench_runs_offload_paper1_qwen_fullrep_offload12_20260602_054131,bench_runs_offload_paper1_qwen_fullrep_offload12_20260602_054131,offload_paper1_qwen_fullrep,qwen25_7b_offload12,Qwen/Qwen2.5-7B-Instruct,20260602-084942,12,2,1,20,1,256,64,0.0,inf,1.0,2,974.9491066360006,20,0,5120,1280,0.020513891303525288,1.3128890434256184,6.564445217128092,3880.8813327498683,4506.946928500838,1166.2479395347866,4506.946928500838,4515.421443800187,4516.9637695594065,1483.541773309526,1483.588473269842,0.25414162917137223,1483.588473269842,1483.8255617341322,1483.8862211341327,1460.3611784304733,1482.9425829993852,184.0233089274429,1482.9425829993852,1485.3192628991565,1506.2131660002888,97344.01305125002,97971.63676050058,1178.1476323330571,97971.63676050058,97990.39158280047,97993.52361576103
data/raw/baseline/qwen/bench_runs_offload_paper1_qwen_fullrep_offload12_20260602_054131/qwen_offload12_conc2_run2.json,qwen_offload12_conc2_run2.json,bench_runs_offload_paper1_qwen_fullrep_offload12_20260602_054131,bench_runs_offload_paper1_qwen_fullrep_offload12_20260602_054131,offload_paper1_qwen_fullrep,qwen25_7b_offload12,Qwen/Qwen2.5-7B-Instruct,20260602-090745,12,2,2,20,1,256,64,0.0,inf,1.0,2,978.2892342820014,20,0,5120,1280,0.02044385167406923,1.3084065071404307,6.542032535702154,4209.550418750132,4507.003418500972,764.0472959597253,4507.003418500972,4514.361158899737,4515.617422180112,1483.630388133334,1483.6854352936552,0.23256738128780222,1483.6854352936552,1483.8868586389035,1483.9401455563666,1460.448408271874,1482.9389070000616,184.03697917066276,1482.9389070000616,1485.7531973007099,1505.3625385993837,97678.26487115017,97983.67929150027,773.0069029239444,97983.67929150027,97994.07575140003,97995.31141107918
data/raw/baseline/qwen/bench_runs_offload_paper1_qwen_fullrep_offload12_20260602_054131/qwen_offload12_conc2_run3.json,qwen_offload12_conc2_run3.json,bench_runs_offload_paper1_qwen_fullrep_offload12_20260602_054131,bench_runs_offload_paper1_qwen_fullrep_offload12_20260602_054131,offload_paper1_qwen_fullrep,qwen25_7b_offload12,Qwen/Qwen2.5-7B-Instruct,20260602-092547,12,2,3,20,1,256,64,0.0,inf,1.0,2,978.2427594890014,20,0,5120,1280,0.020444822929685958,1.3084686674999013,6.542343337499506,4210.225346899915,4507.881342999099,764.0508903701417,4507.881342999099,4515.396695351228,4516.076216669171,1483.5429880174568,1483.5596279047581,0.2343658019755631,1483.5596279047581,1483.9587582158697,1484.0672962526974,1460.3623954312482,1482.8513299989936,184.02783741840773,1482.8513299989936,1485.7690925502538,1505.8669060402099,97673.43359199967,97972.51126149968,772.1674690981488,97972.51126149968,98002.9872889987,98005.34424659956
data/raw/baseline/qwen/bench_runs_offload_paper1_qwen_fullrep_offload12_20260602_054131/qwen_offload12_conc2_run4.json,qwen_offload12_conc2_run4.json,bench_runs_offload_paper1_qwen_fullrep_offload12_20260602_054131,bench_runs_offload_paper1_qwen_fullrep_offload12_20260602_054131,offload_paper1_qwen_fullrep,qwen25_7b_offload12,Qwen/Qwen2.5-7B-Instruct,20260602-094350,12,2,4,20,1,256,64,0.0,inf,1.0,2,978.2580601819991,20,0,5120,1280,0.020444503157253945,1.3084482020642525,6.542241010321263,4210.120212699803,4507.686900499721,765.0489787851155,4507.686900499721,4516.394376399694,4517.125487279845,1483.5680310769858,1483.576930539678,0.186791754073423,1483.576930539678,1483.8484260007958,1483.885161276352,1460.3870146218753,1482.8268969995406,184.0311140438646,1482.8268969995406,1485.6378926500838,1506.3957567604666,97674.90617054992,97973.78939900045,772.2118003192763,97973.78939900045,97992.71772775019,97992.96087835112
data/raw/baseline/qwen/bench_runs_offload_paper1_qwen_fullrep_offload12_20260602_054131/qwen_offload12_conc2_run5.json,qwen_offload12_conc2_run5.json,bench_runs_offload_paper1_qwen_fullrep_offload12_20260602_054131,bench_runs_offload_paper1_qwen_fullrep_offload12_20260602_054131,offload_paper1_qwen_fullrep,qwen25_7b_offload12,Qwen/Qwen2.5-7B-Instruct,20260602-100142,12,2,5,20,1,256,64,0.0,inf,1.0,2,968.232352856001,20,0,5120,1280,0.020656198835956964,1.3219967255012457,6.609983627506229,3222.4892376000753,4504.073269499713,1505.6894012480311,4504.073269499713,4515.4751176999525,4517.086449940016,1483.333843348414,1483.376292968257,0.25540113588661817,1483.376292968257,1483.6553303841124,1483.6670546990458,1460.1565282585966,1482.856164500845,183.99044674108882,1482.856164500845,1485.0693129508727,1505.9294425102598,96672.52136855014,97958.09800150074,1519.6809561462683,97958.09800150074,97978.3676017004,97978.49611313957
data/raw/baseline/qwen/bench_runs_offload_paper1_qwen_fullrep_offload12_20260602_054131/qwen_offload12_conc4_run1.json,qwen_offload12_conc4_run1.json,bench_runs_offload_paper1_qwen_fullrep_offload12_20260602_054131,bench_runs_offload_paper1_qwen_fullrep_offload12_20260602_054131,offload_paper1_qwen_fullrep,qwen25_7b_offload12,Qwen/Qwen2.5-7B-Instruct,20260602-101134,12,4,1,20,1,256,64,0.0,inf,1.0,4,487.6387851080017,20,0,5120,1280,0.04101396486657726,2.6248937514609447,13.124468757304724,3494.972729750134,4222.703183499107,1106.7556387801142,4222.703183499107,4250.8252013993115,4251.081357879921,1485.407663698409,1485.338115730147,0.20269856811250905,1485.338115730147,1485.7930347761708,1485.8275394758375,1462.1979971843714,1485.0009184992814,184.237481348812,1485.0009184992814,1487.7496527504263,1500.2997809018416,97075.65554274988,97821.97970050038,1112.5979539619677,97821.97970050038,97830.42784139943,97830.69551947985
data/raw/baseline/qwen/bench_runs_offload_paper1_qwen_fullrep_offload12_20260602_054131/qwen_offload12_conc4_run2.json,qwen_offload12_conc4_run2.json,bench_runs_offload_paper1_qwen_fullrep_offload12_20260602_054131,bench_runs_offload_paper1_qwen_fullrep_offload12_20260602_054131,offload_paper1_qwen_fullrep,qwen25_7b_offload12,Qwen/Qwen2.5-7B-Instruct,20260602-102121,12,4,2,20,1,256,64,0.0,inf,1.0,4,483.2046006799974,20,0,5120,1280,0.04139033438807222,2.648981400836622,13.24490700418311,2895.5300269502914,3293.920585001615,1206.7478592245207,3293.920585001615,4175.5576211468,4175.627513029685,1483.3111110182545,1484.9499347539736,2.1552859390110215,1484.9499347539736,1485.1524602698362,1485.1525345809516,1460.1341835624992,1485.1071009998122,185.24168600774334,1485.1071009998122,1486.8832824511628,1488.2306927918762,96344.13002110031,96716.71063050053,1198.9504728877112,96716.71063050053,97465.74910229829,97466.22439566185
data/raw/baseline/qwen/bench_runs_offload_paper1_qwen_fullrep_offload12_20260602_054131/qwen_offload12_conc4_run3.json,qwen_offload12_conc4_run3.json,bench_runs_offload_paper1_qwen_fullrep_offload12_20260602_054131,bench_runs_offload_paper1_qwen_fullrep_offload12_20260602_054131,offload_paper1_qwen_fullrep,qwen25_7b_offload12,Qwen/Qwen2.5-7B-Instruct,20260602-103113,12,4,3,20,1,256,64,0.0,inf,1.0,4,487.55467560500256,20,0,5120,1280,0.04102104030728895,2.625346579666493,13.126732898332465,3855.1157093001166,4245.793066500482,802.406030301945,4245.793066500482,4471.306466652277,4472.372163729269,1484.2398290460321,1485.027996484138,1.594132282851614,1485.027996484138,1485.3673144254253,1485.3701690818723,1461.048406361718,1485.1015199983522,184.72065071327958,1485.1015199983522,1487.0292067018454,1487.9516274005073,97362.22493920012,97802.67906250265,825.447826257122,97802.67906250265,97817.35802554977,97817.4442027077
data/raw/baseline/qwen/bench_runs_offload_paper1_qwen_fullrep_offload12_20260602_054131/qwen_offload12_conc4_run4.json,qwen_offload12_conc4_run4.json,bench_runs_offload_paper1_qwen_fullrep_offload12_20260602_054131,bench_runs_offload_paper1_qwen_fullrep_offload12_20260602_054131,offload_paper1_qwen_fullrep,qwen25_7b_offload12,Qwen/Qwen2.5-7B-Instruct,20260602-104103,12,4,4,20,1,256,64,0.0,inf,1.0,4,485.8053254220031,20,0,5120,1280,0.041168754135469096,2.634800264670022,13.174001323350112,3446.433613949921,3899.8913274990628,946.104119539154,3899.8913274990628,4173.989971497758,4174.055080699727,1482.8232887396887,1482.8223282777815,2.1699170141866744,1482.8223282777815,1485.1091183666267,1485.1102788987164,1459.6539820515716,1484.9960735009518,185.49365077958484,1484.9960735009518,1486.6941256481368,1487.9616263875869,96864.3008045503,97449.68822650117,977.176088542814,97449.68822650117,97461.63402259808,97461.68981572111
data/raw/baseline/qwen/bench_runs_offload_paper1_qwen_fullrep_offload12_20260602_054131/qwen_offload12_conc4_run5.json,qwen_offload12_conc4_run5.json,bench_runs_offload_paper1_qwen_fullrep_offload12_20260602_054131,bench_runs_offload_paper1_qwen_fullrep_offload12_20260602_054131,offload_paper1_qwen_fullrep,qwen25_7b_offload12,Qwen/Qwen2.5-7B-Instruct,20260602-105053,12,4,5,20,1,256,64,0.0,inf,1.0,4,485.8562204730006,20,0,5120,1280,0.04116444157188971,2.6345242606009416,13.172621303004709,3448.5869138497947,3901.1056314993766,946.0989376393579,3901.1056314993766,4177.808416646803,4177.896920929852,1482.9458960492077,1482.9151867301885,2.1843378656926995,1482.9151867301885,1485.1678095730185,1485.1691814574924,1459.7746815507803,1485.0309115008713,185.50904192575086,1485.0309115008713,1487.0731639999576,1488.2996508097494,96874.17836494987,97463.95815650067,978.7441713903805,97463.95815650067,97466.41686685216,97466.6651109697
data/raw/baseline/qwen/bench_runs_offload_paper1_qwen_fullrep_offload12_20260602_054131/qwen_offload12_conc8_run1.json,qwen_offload12_conc8_run1.json,bench_runs_offload_paper1_qwen_fullrep_offload12_20260602_054131,bench_runs_offload_paper1_qwen_fullrep_offload12_20260602_054131,offload_paper1_qwen_fullrep,qwen25_7b_offload12,Qwen/Qwen2.5-7B-Instruct,20260602-105733,12,8,1,20,1,256,64,0.0,inf,1.0,8,295.91458765199786,20,0,5120,1280,0.06758707017012776,4.3255724908881765,21.627862454440884,4785.380039300253,5171.733398001379,834.3667016460478,5171.733398001379,5185.480723198816,5185.879939040278,1490.0103440888904,1490.092400420638,4.4216124057553845,1490.092400420638,1501.037567622197,1501.0826308450585,1466.728766442975,1489.5269530006772,186.8675728440403,1489.5269530006772,1491.9147575501484,1493.9019898206607,98656.03171690035,99047.43906100157,771.8296416200401,99047.43906100157,99062.90804165164,99063.30924033183
data/raw/baseline/qwen/bench_runs_offload_paper1_qwen_fullrep_offload12_20260602_054131/qwen_offload12_conc8_run2.json,qwen_offload12_conc8_run2.json,bench_runs_offload_paper1_qwen_fullrep_offload12_20260602_054131,bench_runs_offload_paper1_qwen_fullrep_offload12_20260602_054131,offload_paper1_qwen_fullrep,qwen25_7b_offload12,Qwen/Qwen2.5-7B-Instruct,20260602-110413,12,8,2,20,1,256,64,0.0,inf,1.0,8,295.93593117400087,20,0,5120,1280,0.06758219564842445,4.325260521499165,21.626302607495823,4783.709901299881,5167.631644500943,834.6363006166475,5167.631644500943,5186.669645498478,5186.94576109745,1490.158402163497,1490.2281858015892,4.4400395493148865,1490.2281858015892,1501.2257546381106,1501.2353938990511,1466.8745246414035,1489.908428498893,186.88074635852692,1489.908428498893,1492.3275810000632,1493.2754855378153,98663.68923760019,99056.53142200208,772.3594872896558,99056.53142200208,99071.01609749898,99071.03534829793
data/raw/baseline/qwen/bench_runs_offload_paper1_qwen_fullrep_offload12_20260602_054131/qwen_offload12_conc8_run3.json,qwen_offload12_conc8_run3.json,bench_runs_offload_paper1_qwen_fullrep_offload12_20260602_054131,bench_runs_offload_paper1_qwen_fullrep_offload12_20260602_054131,offload_paper1_qwen_fullrep,qwen25_7b_offload12,Qwen/Qwen2.5-7B-Instruct,20260602-111053,12,8,3,20,1,256,64,0.0,inf,1.0,8,295.92763181199916,20,0,5120,1280,0.06758409100744558,4.325381824476517,21.626909122382585,4785.743358700347,5170.762465000735,833.9252135344431,5170.762465000735,5185.824827151191,5186.224665429872,1490.0821924372958,1490.1567131983895,4.436654658959237,1490.1567131983895,1501.0448866833522,1501.1604407144425,1466.7995130507704,1489.7859820011945,186.8753860915333,1489.7859820011945,1491.6815299513473,1492.5073361096293,98660.92148224998,99056.44245000076,773.6753556038265,99056.44245000076,99065.67812775192,99066.0982671488
data/raw/baseline/qwen/bench_runs_offload_paper1_qwen_fullrep_offload12_20260602_054131/qwen_offload12_conc8_run4.json,qwen_offload12_conc8_run4.json,bench_runs_offload_paper1_qwen_fullrep_offload12_20260602_054131,bench_runs_offload_paper1_qwen_fullrep_offload12_20260602_054131,offload_paper1_qwen_fullrep,qwen25_7b_offload12,Qwen/Qwen2.5-7B-Instruct,20260602-111733,12,8,4,20,1,256,64,0.0,inf,1.0,8,295.9246455290013,20,0,5120,1280,0.06758477302303621,4.325425473474318,21.62712736737159,4785.676881849395,5170.232030501211,834.7369238216008,5170.232030501211,5188.538479702038,5188.922244740315,1490.0539893603209,1489.9979895158647,4.4226349712943716,1489.9979895158647,1501.0398047508108,1501.2116118708034,1466.7717491961043,1489.8339849987678,186.87410081019016,1489.8339849987678,1492.037527546563,1493.1840764800654,98659.0782115496,99057.24057899897,771.988076274925,99057.24057899897,99058.40642260118,99058.77981972058
data/raw/baseline/qwen/bench_runs_offload_paper1_qwen_fullrep_offload12_20260602_054131/qwen_offload12_conc8_run5.json,qwen_offload12_conc8_run5.json,bench_runs_offload_paper1_qwen_fullrep_offload12_20260602_054131,bench_runs_offload_paper1_qwen_fullrep_offload12_20260602_054131,offload_paper1_qwen_fullrep,qwen25_7b_offload12,Qwen/Qwen2.5-7B-Instruct,20260602-112413,12,8,5,20,1,256,64,0.0,inf,1.0,8,295.91666442800124,20,0,5120,1280,0.06758659583656584,4.325542133540214,21.62771066770107,4785.090306950042,5170.694109499891,834.9053755184322,5170.694109499891,5187.410540650853,5187.768388930526,1490.0631877968262,1490.1863792381066,4.486341611235994,1490.1863792381066,1501.1672326413138,1501.1742838489054,1466.7808035125006,1489.6707405005145,186.8829127386237,1489.6707405005145,1492.210415452064,1493.281726300229,98659.0711381501,99052.41287600074,775.3596247432316,99052.41287600074,99071.29756110207,99071.62828422003
data/raw/baseline/qwen/bench_runs_offload_paper1_qwen_fullrep_offload12_20260602_054131/qwen_offload12_conc12_run1.json,qwen_offload12_conc12_run1.json,bench_runs_offload_paper1_qwen_fullrep_offload12_20260602_054131,bench_runs_offload_paper1_qwen_fullrep_offload12_20260602_054131,offload_paper1_qwen_fullrep,qwen25_7b_offload12,Qwen/Qwen2.5-7B-Instruct,20260602-112918,12,12,1,20,1,256,64,0.0,inf,1.0,12,200.63620249499945,20,0,5120,1280,0.09968290742792776,6.379706075387377,31.898530376936886,5975.719441900037,7022.020880000127,1388.571914968997,7022.020880000127,7024.224194348426,7024.43675647075,1498.7672156063502,1499.1066489047726,9.885178503820368,1499.1066489047726,1504.713325569823,1532.0234408346287,1475.3488633656275,1498.0887074998464,199.54395435904078,1498.0887074998464,1502.2760992991607,1507.2919956120677,100398.0540251001,101465.6216530002,1191.1718364070282,101465.6216530002,101468.80484744816,101469.09642069059
data/raw/baseline/qwen/bench_runs_offload_paper1_qwen_fullrep_offload12_20260602_054131/qwen_offload12_conc12_run2.json,qwen_offload12_conc12_run2.json,bench_runs_offload_paper1_qwen_fullrep_offload12_20260602_054131,bench_runs_offload_paper1_qwen_fullrep_offload12_20260602_054131,offload_paper1_qwen_fullrep,qwen25_7b_offload12,Qwen/Qwen2.5-7B-Instruct,20260602-113422,12,12,2,20,1,256,64,0.0,inf,1.0,12,200.5507862359991,20,0,5120,1280,0.09972536321281185,6.382423245619958,31.912116228099794,5973.3836164499735,7020.968477001588,1389.0294207119885,7020.968477001588,7022.348607648746,7022.727219130029,1498.3130928063447,1499.383431079372,10.31888273055897,1499.383431079372,1503.2502660912558,1531.9506025134792,1474.9018134570292,1498.3488105008291,199.4714371914128,1498.3488105008291,1501.1638325004242,1504.092736289349,100367.10846324968,101481.94424050234,1239.5548700559725,101481.94424050234,101483.50483470003,101483.89498373991
data/raw/baseline/qwen/bench_runs_offload_paper1_qwen_fullrep_offload12_20260602_054131/qwen_offload12_conc12_run3.json,qwen_offload12_conc12_run3.json,bench_runs_offload_paper1_qwen_fullrep_offload12_20260602_054131,bench_runs_offload_paper1_qwen_fullrep_offload12_20260602_054131,offload_paper1_qwen_fullrep,qwen25_7b_offload12,Qwen/Qwen2.5-7B-Instruct,20260602-113927,12,12,3,20,1,256,64,0.0,inf,1.0,12,200.53710279200095,20,0,5120,1280,0.09973216787092111,6.382858743738951,31.914293718694754,5975.0903640504475,7025.64571700168,1391.4808906692094,7025.64571700168,7027.97113264769,7028.03496733035,1498.1732832555424,1499.1717456904596,10.285039571926601,1499.1717456904596,1503.1725760182737,1531.8089338068226,1474.7641975374931,1498.0799120003212,199.4995189541096,1498.0799120003212,1501.0002404995248,1502.6593032123492,100360.00720914963,101473.48269549911,1238.463528726873,101473.48269549911,101476.05247009869,101476.10865081969
data/raw/baseline/qwen/bench_runs_offload_paper1_qwen_fullrep_offload12_20260602_054131/qwen_offload12_conc12_run4.json,qwen_offload12_conc12_run4.json,bench_runs_offload_paper1_qwen_fullrep_offload12_20260602_054131,bench_runs_offload_paper1_qwen_fullrep_offload12_20260602_054131,offload_paper1_qwen_fullrep,qwen25_7b_offload12,Qwen/Qwen2.5-7B-Instruct,20260602-114432,12,12,4,20,1,256,64,0.0,inf,1.0,12,200.55739603300026,20,0,5120,1280,0.09972207655064062,6.382212899241,31.911064496205,5985.493486799896,7045.123929998226,1399.8723934979632,7045.123929998226,7047.267162648859,7047.354268530107,1498.2703063357126,1499.52985048413,10.517014989838932,1499.52985048413,1502.9156380039688,1532.2634236135025,1474.859685324222,1498.3040959996288,199.49252029636116,1498.3040959996288,1500.9505145515504,1506.736450608587,100376.52278594978,101515.3202249985,1265.4476012837545,101515.3202249985,101517.71038365022,101517.81381433025
data/raw/baseline/qwen/bench_runs_offload_paper1_qwen_fullrep_offload12_20260602_054131/qwen_offload12_conc12_run5.json,qwen_offload12_conc12_run5.json,bench_runs_offload_paper1_qwen_fullrep_offload12_20260602_054131,bench_runs_offload_paper1_qwen_fullrep_offload12_20260602_054131,offload_paper1_qwen_fullrep,qwen25_7b_offload12,Qwen/Qwen2.5-7B-Instruct,20260602-114937,12,12,5,20,1,256,64,0.0,inf,1.0,12,200.5401705539989,20,0,5120,1280,0.09973064221871027,6.382761101997457,31.913805509987284,5974.582334299703,7023.963741499756,1390.5790042477133,7023.963741499756,7025.428781248411,7025.845599449312,1498.1781978007953,1499.0998424603147,10.240130353807738,1499.0998424603147,1503.2657819770197,1531.784760877964,1474.769025739849,1497.9510479988676,199.50359286913215,1497.9510479988676,1500.8645519472338,1501.6382663003606,100359.80879574982,101467.41186549843,1231.7699998470407,101467.41186549843,101468.89987379946,101469.32661076156
data/raw/baseline/qwen/bench_runs_offload_paper1_qwen_fullrep_offload12_20260602_054131/qwen_offload12_conc16_run1.json,qwen_offload12_conc16_run1.json,bench_runs_offload_paper1_qwen_fullrep_offload12_20260602_054131,bench_runs_offload_paper1_qwen_fullrep_offload12_20260602_054131,offload_paper1_qwen_fullrep,qwen25_7b_offload12,Qwen/Qwen2.5-7B-Instruct,20260602-115439,12,16,1,20,1,256,64,0.0,inf,1.0,16,198.24706324699946,20,0,5120,1280,0.1008842182700162,6.456589969281037,32.28294984640518,5426.07830690049,5983.930948499619,1117.2514421027674,5983.930948499619,5985.739387950343,5986.25532079026,1497.40539390238,1499.2422880158779,8.30274259747302,1499.2422880158779,1500.4040753690442,1518.0399598738159,1474.008307136714,1498.7737454994203,190.36790044875795,1498.7737454994203,1501.3541557986173,1502.1735304994945,99762.61812275043,100436.1992435006,1170.1384824029583,100436.1992435006,100438.02253940067,100438.5339950799
data/raw/baseline/qwen/bench_runs_offload_paper1_qwen_fullrep_offload12_20260602_054131/qwen_offload12_conc16_run2.json,qwen_offload12_conc16_run2.json,bench_runs_offload_paper1_qwen_fullrep_offload12_20260602_054131,bench_runs_offload_paper1_qwen_fullrep_offload12_20260602_054131,offload_paper1_qwen_fullrep,qwen25_7b_offload12,Qwen/Qwen2.5-7B-Instruct,20260602-115941,12,16,2,20,1,256,64,0.0,inf,1.0,16,198.28000752599837,20,0,5120,1280,0.10086745632878599,6.4555172050423035,32.27758602521152,5429.406161650331,5988.622059499903,1119.1256636719409,5988.622059499903,5990.575504702065,5990.689165740696,1497.6344848627016,1499.4658096190492,8.309691818718557,1499.4658096190492,1500.632763523009,1518.316064717315,1474.2338303203155,1499.185901500823,190.42480906301267,1499.185901500823,1501.3126605503203,1502.1465354089014,99780.37870800054,100454.83531750142,1171.8155302174562,100454.83531750142,100456.93211285234,100457.1208945711
data/raw/baseline/qwen/bench_runs_offload_paper1_qwen_fullrep_offload12_20260602_054131/qwen_offload12_conc16_run3.json,qwen_offload12_conc16_run3.json,bench_runs_offload_paper1_qwen_fullrep_offload12_20260602_054131,bench_runs_offload_paper1_qwen_fullrep_offload12_20260602_054131,offload_paper1_qwen_fullrep,qwen25_7b_offload12,Qwen/Qwen2.5-7B-Instruct,20260602-120444,12,16,3,20,1,256,64,0.0,inf,1.0,16,198.27220135099924,20,0,5120,1280,0.10087142758149038,6.4557713652153845,32.278856826076925,5426.512030550293,5985.37482950087,1118.4907119420943,5985.37482950087,5987.446845400882,5987.943921880105,1497.6631133753906,1499.5279236190404,8.360388541731318,1499.5279236190404,1500.6921704531846,1518.3749610239563,1474.2620140773427,1499.0938129976712,190.42743290682782,1499.0938129976712,1501.3271375008117,1504.2867153996121,99779.2881731999,100455.67842400123,1174.7678052175975,100455.67842400123,100457.71955784985,100458.20566676928
data/raw/baseline/qwen/bench_runs_offload_paper1_qwen_fullrep_offload12_20260602_054131/qwen_offload12_conc16_run4.json,qwen_offload12_conc16_run4.json,bench_runs_offload_paper1_qwen_fullrep_offload12_20260602_054131,bench_runs_offload_paper1_qwen_fullrep_offload12_20260602_054131,offload_paper1_qwen_fullrep,qwen25_7b_offload12,Qwen/Qwen2.5-7B-Instruct,20260602-120946,12,16,4,20,1,256,64,0.0,inf,1.0,16,198.30434986100227,20,0,5120,1280,0.10085507460637463,6.454724774807977,32.273623874039885,5456.780449500548,6023.305869000978,1128.2017830386417,6023.305869000978,6025.083010552407,6025.357363711009,1497.6245309111068,1499.488401238104,8.403914627234439,1499.488401238104,1500.66254794685,1518.4962593417622,1474.224012885145,1499.0701540009468,190.50695045313455,1499.0701540009468,1501.4191820480846,1502.6595320093475,99807.12589690028,100490.86199700105,1187.3708843726315,100490.86199700105,100492.86472105232,100493.15520901102
data/raw/baseline/qwen/bench_runs_offload_paper1_qwen_fullrep_offload12_20260602_054131/qwen_offload12_conc16_run5.json,qwen_offload12_conc16_run5.json,bench_runs_offload_paper1_qwen_fullrep_offload12_20260602_054131,bench_runs_offload_paper1_qwen_fullrep_offload12_20260602_054131,offload_paper1_qwen_fullrep,qwen25_7b_offload12,Qwen/Qwen2.5-7B-Instruct,20260602-121449,12,16,5,20,1,256,64,0.0,inf,1.0,16,198.2629469209969,20,0,5120,1280,0.10087613601329917,6.456072704851147,32.28036352425574,5441.779942299945,6004.631709000023,1124.2691896331733,6004.631709000023,6006.173863899676,6006.400570379992,1497.4816071198397,1499.3713381587327,8.446991875690225,1499.3713381587327,1500.545953104749,1518.3882609320594,1474.0833258023429,1499.046934000944,190.38554063094008,1499.046934000944,1501.606925051783,1502.3707403010121,99783.12119084985,100465.02013250029,1183.6044964600244,100465.02013250029,100466.5887303976,100466.82672287813
data/raw/baseline/qwen/bench_runs_offload_paper1_qwen_fullrep_offload16_20260601_120507/qwen_offload16_conc1_run1.json,qwen_offload16_conc1_run1.json,bench_runs_offload_paper1_qwen_fullrep_offload16_20260601_120507,bench_runs_offload_paper1_qwen_fullrep_offload16_20260601_120507,offload_paper1_qwen_fullrep,qwen25_7b_offload16,Qwen/Qwen2.5-7B-Instruct,20260601-123936,16,1,1,20,1,256,64,0.0,inf,1.0,1,1961.134145068001,20,0,5120,1280,0.01019818050198015,0.6526835521267296,3.263417760633648,3710.8306493500095,3825.114780000149,500.643649271863,3825.114780000149,3829.968512049527,3830.289354409324,1497.5495157325433,1497.5049760476193,0.39200462679615883,1497.5049760476193,1497.80052513729,1498.8360692052352,1474.1500328632824,1497.3141330001454,185.73813526483463,1497.3141330001454,1499.6831268497772,1501.059283800496,98056.45014050024,98165.60760950051,478.4063563599309,98165.60760950051,98181.82564194994,98184.60385158974
data/raw/baseline/qwen/bench_runs_offload_paper1_qwen_fullrep_offload16_20260601_120507/qwen_offload16_conc1_run2.json,qwen_offload16_conc1_run2.json,bench_runs_offload_paper1_qwen_fullrep_offload16_20260601_120507,bench_runs_offload_paper1_qwen_fullrep_offload16_20260601_120507,offload_paper1_qwen_fullrep,qwen25_7b_offload16,Qwen/Qwen2.5-7B-Instruct,20260601-131316,16,1,2,20,1,256,64,0.0,inf,1.0,1,1916.8386739260004,20,0,5120,1280,0.010433846244888578,0.667766159672869,3.338830798364345,1501.8064591999973,1501.6727949996493,1.6079379425320024,1501.6727949996493,1503.6091154496717,1505.3694798892866,1497.4581835269823,1497.4676955872917,0.16394321538926707,1497.4676955872917,1497.6580298825245,1497.8116590812508,1474.0601711062525,1497.356952500013,185.71788545134362,1497.356952500013,1499.7041505502239,1500.6374517600852,95841.67202139989,95841.97432400016,10.661923292896772,95841.97432400016,95855.34586809982,95862.27010801993
data/raw/baseline/qwen/bench_runs_offload_paper1_qwen_fullrep_offload16_20260601_120507/qwen_offload16_conc1_run3.json,qwen_offload16_conc1_run3.json,bench_runs_offload_paper1_qwen_fullrep_offload16_20260601_120507,bench_runs_offload_paper1_qwen_fullrep_offload16_20260601_120507,offload_paper1_qwen_fullrep,qwen25_7b_offload16,Qwen/Qwen2.5-7B-Instruct,20260601-134657,16,1,3,20,1,256,64,0.0,inf,1.0,1,1916.8736529420003,20,0,5120,1280,0.010433655848576239,0.6677539743088793,3.3387698715443963,1503.3245742998588,1502.2698714992657,4.335576832703542,1502.2698714992657,1505.4855917506757,1518.4419919509492,1497.4617511031745,1497.4471848888807,0.2440298670744079,1497.4471848888807,1497.901060025409,1498.056766074931,1474.0637194609405,1497.3250869998083,185.72278072543952,1497.3250869998083,1499.7753270006797,1500.8384196491897,95843.41489379985,95842.16694799943,16.50553297874275,95842.16694799943,95869.27712245015,95881.58488849105
data/raw/baseline/qwen/bench_runs_offload_paper1_qwen_fullrep_offload16_20260601_120507/qwen_offload16_conc1_run4.json,qwen_offload16_conc1_run4.json,bench_runs_offload_paper1_qwen_fullrep_offload16_20260601_120507,bench_runs_offload_paper1_qwen_fullrep_offload16_20260601_120507,offload_paper1_qwen_fullrep,qwen25_7b_offload16,Qwen/Qwen2.5-7B-Instruct,20260601-142038,16,1,4,20,1,256,64,0.0,inf,1.0,1,1916.7870402639983,20,0,5120,1280,0.01043412730777093,0.6677841476973395,3.3389207384866975,1502.6986395999302,1502.734244999374,0.7339255728310412,1502.734244999374,1503.560668901082,1504.213598579263,1497.402995313489,1497.4194738174517,0.10274112946807454,1497.4194738174517,1497.5643482650873,1497.5826719133543,1474.0058655851526,1497.3794969992014,185.71079311013492,1497.3794969992014,1499.5772064989978,1500.7598790213888,95839.08734434973,95840.08857249864,6.193830573467714,95840.08857249864,95848.72854560072,95849.7844683198
data/raw/baseline/qwen/bench_runs_offload_paper1_qwen_fullrep_offload16_20260601_120507/qwen_offload16_conc1_run5.json,qwen_offload16_conc1_run5.json,bench_runs_offload_paper1_qwen_fullrep_offload16_20260601_120507,bench_runs_offload_paper1_qwen_fullrep_offload16_20260601_120507,offload_paper1_qwen_fullrep,qwen25_7b_offload16,Qwen/Qwen2.5-7B-Instruct,20260601-145418,16,1,5,20,1,256,64,0.0,inf,1.0,1,1916.9097872579987,20,0,5120,1280,0.010433459171080012,0.6677413869491208,3.3387069347456038,1502.5896224498865,1502.5821845010796,1.3200188562331185,1502.5821845010796,1504.4295821498963,1504.751429228054,1497.5020147000016,1497.508812103184,0.1561849396995224,1497.508812103184,1497.6874841984336,1497.783384979364,1474.1033411312542,1497.468879499138,185.72295286110113,1497.468879499138,1499.6725202503512,1500.6466092206756,95845.21654854999,95845.9835274989,9.955681674762275,95845.9835274989,95858.82385290043,95863.32431298132
data/raw/baseline/qwen/bench_runs_offload_paper1_qwen_fullrep_offload16_20260601_120507/qwen_offload16_conc2_run1.json,qwen_offload16_conc2_run1.json,bench_runs_offload_paper1_qwen_fullrep_offload16_20260601_120507,bench_runs_offload_paper1_qwen_fullrep_offload16_20260601_120507,offload_paper1_qwen_fullrep,qwen25_7b_offload16,Qwen/Qwen2.5-7B-Instruct,20260601-151212,16,2,1,20,1,256,64,0.0,inf,1.0,2,970.7512881199982,20,0,5120,1280,0.020602599496656784,1.3185663677860342,6.592831838930171,3889.124394999999,4483.7775735013565,869.9757227543373,4483.7775735013565,4490.59023609916,4493.139703221168,1476.7604175126983,1476.8071633333464,0.1407370381149545,1476.8071633333464,1476.922600896857,1476.973541284164,1453.6858592882822,1476.1917364994588,183.17784627465647,1476.1917364994588,1479.0400298499662,1496.8743687376627,96925.03069829999,97522.47845049897,875.427900727308,97522.47845049897,97533.05510690098,97535.41973898155
data/raw/baseline/qwen/bench_runs_offload_paper1_qwen_fullrep_offload16_20260601_120507/qwen_offload16_conc2_run2.json,qwen_offload16_conc2_run2.json,bench_runs_offload_paper1_qwen_fullrep_offload16_20260601_120507,bench_runs_offload_paper1_qwen_fullrep_offload16_20260601_120507,offload_paper1_qwen_fullrep,qwen25_7b_offload16,Qwen/Qwen2.5-7B-Instruct,20260601-152953,16,2,2,20,1,256,64,0.0,inf,1.0,2,957.1834488610002,20,0,5120,1280,0.020894636262044634,1.3372567207708566,6.6862836038542826,2546.5292724496976,1354.0169754996896,1515.0402248868397,1354.0169754996896,4489.734727048017,4491.970161407335,1476.5369264047715,1476.4700396905055,0.3407520119549009,1476.4700396905055,1477.0356248523708,1477.106924119705,1453.4658176585936,1476.1984804990789,183.137657333333,1476.1984804990789,1478.7538789998507,1493.929021351105,95568.35563595033,94371.33128200185,1534.5931007748686,94371.33128200185,97539.73398484978,97541.47663217013
data/raw/baseline/qwen/bench_runs_offload_paper1_qwen_fullrep_offload16_20260601_120507/qwen_offload16_conc2_run3.json,qwen_offload16_conc2_run3.json,bench_runs_offload_paper1_qwen_fullrep_offload16_20260601_120507,bench_runs_offload_paper1_qwen_fullrep_offload16_20260601_120507,offload_paper1_qwen_fullrep,qwen25_7b_offload16,Qwen/Qwen2.5-7B-Instruct,20260601-154751,16,2,3,20,1,256,64,0.0,inf,1.0,2,973.8157986450024,20,0,5120,1280,0.020537764973446337,1.3144169583005656,6.572084791502828,4188.587749450744,4484.251981501075,760.6733120942836,4484.251981501075,4493.860166600643,4494.351150920702,1476.8750799745972,1476.900355420661,0.10143636573717374,1476.900355420661,1477.0241997825342,1477.0328064326843,1453.7986987734314,1476.21078749944,183.19639293022752,1476.21078749944,1479.3066215008366,1497.4790468212086,97231.71778785036,97528.83220700096,764.40198648957,97528.83220700096,97538.44040299991,97539.3551086008
data/raw/baseline/qwen/bench_runs_offload_paper1_qwen_fullrep_offload16_20260601_120507/qwen_offload16_conc2_run4.json,qwen_offload16_conc2_run4.json,bench_runs_offload_paper1_qwen_fullrep_offload16_20260601_120507,bench_runs_offload_paper1_qwen_fullrep_offload16_20260601_120507,offload_paper1_qwen_fullrep,qwen25_7b_offload16,Qwen/Qwen2.5-7B-Instruct,20260601-160543,16,2,4,20,1,256,64,0.0,inf,1.0,2,969.0082151269999,20,0,5120,1280,0.020639659899455823,1.3209382335651727,6.604691167825863,3710.8202165993134,4484.226451499126,1168.5694868447151,4484.226451499126,4492.875040097897,4494.0916648185885,1476.8261871603313,1476.863354920646,0.2640798713414719,1476.863354920646,1477.2187795365326,1477.2343129232174,1453.7505202367213,1476.3746809985605,183.1851758714901,1476.3746809985605,1479.0611060476294,1496.5859199891204,96750.87000770017,97527.97573249882,1183.1967985311967,97527.97573249882,97549.09661950095,97552.0314735
data/raw/baseline/qwen/bench_runs_offload_paper1_qwen_fullrep_offload16_20260601_120507/qwen_offload16_conc2_run5.json,qwen_offload16_conc2_run5.json,bench_runs_offload_paper1_qwen_fullrep_offload16_20260601_120507,bench_runs_offload_paper1_qwen_fullrep_offload16_20260601_120507,offload_paper1_qwen_fullrep,qwen25_7b_offload16,Qwen/Qwen2.5-7B-Instruct,20260601-162324,16,2,5,20,1,256,64,0.0,inf,1.0,2,957.1452676230001,20,0,5120,1280,0.020895469764656026,1.3373100649379857,6.686550324689929,2546.423270249943,1356.6204805010784,1513.4034251942787,1356.6204805010784,4486.181038247196,4487.305294848375,1476.4793756079398,1476.4751843650586,0.386647322003598,1476.4751843650586,1477.0203934468107,1477.08058138143,1453.4091353187564,1476.1102324991953,183.12928005601265,1476.1102324991953,1478.5185804987123,1493.679479509592,95564.62393355015,94371.7369850001,1535.122984786314,94371.7369850001,97535.73108404707,97539.49732560992
data/raw/baseline/qwen/bench_runs_offload_paper1_qwen_fullrep_offload16_20260601_120507/qwen_offload16_conc4_run1.json,qwen_offload16_conc4_run1.json,bench_runs_offload_paper1_qwen_fullrep_offload16_20260601_120507,bench_runs_offload_paper1_qwen_fullrep_offload16_20260601_120507,offload_paper1_qwen_fullrep,qwen25_7b_offload16,Qwen/Qwen2.5-7B-Instruct,20260601-163314,16,4,1,20,1,256,64,0.0,inf,1.0,4,485.4732338470021,20,0,5120,1280,0.0411969159278162,2.6366026193802368,13.183013096901183,3830.9657857505954,4214.424270499876,795.5509465584734,4214.424270499876,4452.738058751856,4454.64316215046,1478.021803711107,1478.8287554444346,1.669010693150678,1478.8287554444346,1479.2183543348824,1479.2187992606423,1454.9274991351524,1478.8498284997331,184.0032039581284,1478.8498284997331,1481.0098806507085,1482.2246217002248,96946.33941955035,97379.25026149969,822.5113924350203,97379.25026149969,97405.1707480503,97405.21540640839
data/raw/baseline/qwen/bench_runs_offload_paper1_qwen_fullrep_offload16_20260601_120507/qwen_offload16_conc4_run2.json,qwen_offload16_conc4_run2.json,bench_runs_offload_paper1_qwen_fullrep_offload16_20260601_120507,bench_runs_offload_paper1_qwen_fullrep_offload16_20260601_120507,offload_paper1_qwen_fullrep,qwen25_7b_offload16,Qwen/Qwen2.5-7B-Instruct,20260601-164304,16,4,2,20,1,256,64,0.0,inf,1.0,4,485.66910407699834,20,0,5120,1280,0.041180301221774206,2.635539278193549,13.177696390967746,3469.199401199876,4198.062629999185,1103.0803334074958,4198.062629999185,4220.719992799968,4220.913759358191,1479.61466466191,1479.7703182381183,0.47431093101051125,1479.7703182381183,1480.2111668214143,1480.4039997515886,1456.495501929686,1478.9538295008242,183.53431100456592,1478.9538295008242,1482.82304840086,1499.1398567807119,96684.92327490021,97390.76338599989,1105.2370964719526,97390.76338599989,97462.30072240105,97462.53523408108
data/raw/baseline/qwen/bench_runs_offload_paper1_qwen_fullrep_offload16_20260601_120507/qwen_offload16_conc4_run3.json,qwen_offload16_conc4_run3.json,bench_runs_offload_paper1_qwen_fullrep_offload16_20260601_120507,bench_runs_offload_paper1_qwen_fullrep_offload16_20260601_120507,offload_paper1_qwen_fullrep,qwen25_7b_offload16,Qwen/Qwen2.5-7B-Instruct,20260601-165253,16,4,3,20,1,256,64,0.0,inf,1.0,4,485.5435652490014,20,0,5120,1280,0.041190948519199085,2.6362207052287414,13.181103526143708,3833.3212639501653,4216.847096002311,795.7832625014364,4216.847096002311,4453.920586401,4454.6197924826265,1478.2108650666603,1478.893703341248,1.7001418201292535,1478.893703341248,1479.7398633151038,1479.7430060598356,1455.1136490453075,1478.782317999503,184.0363357919663,1478.782317999503,1481.8198840006517,1498.2088883094184,96960.60576314975,97386.02094899943,812.1143692169825,97386.02094899943,97430.32971240192,97430.55954247892
data/raw/baseline/qwen/bench_runs_offload_paper1_qwen_fullrep_offload16_20260601_120507/qwen_offload16_conc4_run4.json,qwen_offload16_conc4_run4.json,bench_runs_offload_paper1_qwen_fullrep_offload16_20260601_120507,bench_runs_offload_paper1_qwen_fullrep_offload16_20260601_120507,offload_paper1_qwen_fullrep,qwen25_7b_offload16,Qwen/Qwen2.5-7B-Instruct,20260601-170242,16,4,4,20,1,256,64,0.0,inf,1.0,4,485.4248644839972,20,0,5120,1280,0.041201020926811896,2.6368653393159613,13.184326696579808,3830.4296661497574,4214.418031000605,797.2001604684325,4214.418031000605,4453.057942898522,4454.286861379151,1477.8786280730246,1478.6936783650797,1.6692698910554282,1478.6936783650797,1479.0655158666725,1479.066614271744,1454.7865995351601,1478.637958998661,183.9796795704518,1478.637958998661,1481.3163806007651,1483.0225485887422,96936.78323475033,97371.57079700046,819.2310631453806,97371.57079700046,97398.25418444835,97398.50204248859
data/raw/baseline/qwen/bench_runs_offload_paper1_qwen_fullrep_offload16_20260601_120507/qwen_offload16_conc4_run5.json,qwen_offload16_conc4_run5.json,bench_runs_offload_paper1_qwen_fullrep_offload16_20260601_120507,bench_runs_offload_paper1_qwen_fullrep_offload16_20260601_120507,offload_paper1_qwen_fullrep,qwen25_7b_offload16,Qwen/Qwen2.5-7B-Instruct,20260601-171231,16,4,5,20,1,256,64,0.0,inf,1.0,4,485.4325989680001,20,0,5120,1280,0.041200364463611985,2.636823325671167,13.184116628355836,3829.596399100592,4214.715900499868,798.027493967588,4214.715900499868,4452.949102302409,4453.628273259565,1477.9169016674539,1478.869312238073,1.6612306387286417,1478.869312238073,1478.9385019491983,1478.9414038946045,1454.8242823859282,1478.7186880002992,183.98135147437876,1478.7186880002992,1481.3697465022415,1482.5915557088956,96938.36120415016,97383.02533450042,826.3671717162034,97383.02533450042,97389.44344605242,97389.48587001064
data/raw/baseline/qwen/bench_runs_offload_paper1_qwen_fullrep_offload16_20260601_120507/qwen_offload16_conc8_run1.json,qwen_offload16_conc8_run1.json,bench_runs_offload_paper1_qwen_fullrep_offload16_20260601_120507,bench_runs_offload_paper1_qwen_fullrep_offload16_20260601_120507,offload_paper1_qwen_fullrep,qwen25_7b_offload16,Qwen/Qwen2.5-7B-Instruct,20260601-171908,16,8,1,20,1,256,64,0.0,inf,1.0,8,293.2894982910002,20,0,5120,1280,0.06819200863494987,4.364288552636792,21.821442763183956,4173.627271049918,4212.519886499649,926.0814419739456,4212.519886499649,5161.079535098725,5161.149882219215,1484.4352531468267,1484.7392765238064,4.703862386349762,1484.7392765238064,1495.6293045325144,1495.6894590271581,1461.2407944585982,1484.292600001936,186.25755823580903,1484.292600001936,1487.0582365478185,1488.6818083001708,97693.04821929999,97370.96843949985,810.850369229824,97370.96843949985,98699.66875859954,98699.73101171924
data/raw/baseline/qwen/bench_runs_offload_paper1_qwen_fullrep_offload16_20260601_120507/qwen_offload16_conc8_run2.json,qwen_offload16_conc8_run2.json,bench_runs_offload_paper1_qwen_fullrep_offload16_20260601_120507,bench_runs_offload_paper1_qwen_fullrep_offload16_20260601_120507,offload_paper1_qwen_fullrep,qwen25_7b_offload16,Qwen/Qwen2.5-7B-Instruct,20260601-172547,16,8,2,20,1,256,64,0.0,inf,1.0,8,294.76953199900163,20,0,5120,1280,0.06784961751090252,4.342375520697761,21.711877603488805,4772.468742249293,5162.477534498976,836.0725073885295,5162.477534498976,5175.656232200527,5176.04901843948,1484.318481523818,1484.4757127380972,4.676068904561106,1484.4757127380972,1495.4879358277935,1495.6797461115714,1461.125858693751,1484.086352000304,186.23835736523762,1484.086352000304,1486.8498175495915,1488.6925722122032,98284.53307824983,98696.9606624989,787.8820190370534,98696.9606624989,98698.23561364846,98699.93650352804
data/raw/baseline/qwen/bench_runs_offload_paper1_qwen_fullrep_offload16_20260601_120507/qwen_offload16_conc8_run3.json,qwen_offload16_conc8_run3.json,bench_runs_offload_paper1_qwen_fullrep_offload16_20260601_120507,bench_runs_offload_paper1_qwen_fullrep_offload16_20260601_120507,offload_paper1_qwen_fullrep,qwen25_7b_offload16,Qwen/Qwen2.5-7B-Instruct,20260601-173225,16,8,3,20,1,256,64,0.0,inf,1.0,8,294.76157154199973,20,0,5120,1280,0.06785144988667649,4.342492792747295,21.712463963736475,4770.926411550317,5156.12885200062,835.618885508331,5156.12885200062,5179.080475952833,5179.28100879104,1484.276947546032,1484.4243244603445,4.641351976092371,1484.4243244603445,1495.5501444508166,1495.5722007123861,1461.0849829523402,1483.9923644994997,186.2295601400932,1483.9923644994997,1487.4829904982107,1488.1847504812322,98280.37410695033,98684.3069610004,783.2210984877596,98684.3069610004,98697.7434911023,98697.77691742202
data/raw/baseline/qwen/bench_runs_offload_paper1_qwen_fullrep_offload16_20260601_120507/qwen_offload16_conc8_run4.json,qwen_offload16_conc8_run4.json,bench_runs_offload_paper1_qwen_fullrep_offload16_20260601_120507,bench_runs_offload_paper1_qwen_fullrep_offload16_20260601_120507,offload_paper1_qwen_fullrep,qwen25_7b_offload16,Qwen/Qwen2.5-7B-Instruct,20260601-173904,16,8,4,20,1,256,64,0.0,inf,1.0,8,294.80801637600234,20,0,5120,1280,0.06784076038994719,4.34180866495662,21.7090433247831,4770.127621150095,5159.777024000505,836.0145119960565,5159.777024000505,5174.692620552196,5174.97252171157,1484.5985330492024,1484.7328924444435,4.770183700585979,1484.7328924444435,1495.8300247944806,1496.0901038033383,1461.4015227085843,1484.4426544987073,186.2765824322704,1484.4426544987073,1487.1829729991077,1488.691674481779,98299.83520324985,98697.8810215005,788.0154513663064,98697.8810215005,98734.90919310079,98735.20500182163
data/raw/baseline/qwen/bench_runs_offload_paper1_qwen_fullrep_offload16_20260601_120507/qwen_offload16_conc8_run5.json,qwen_offload16_conc8_run5.json,bench_runs_offload_paper1_qwen_fullrep_offload16_20260601_120507,bench_runs_offload_paper1_qwen_fullrep_offload16_20260601_120507,offload_paper1_qwen_fullrep,qwen25_7b_offload16,Qwen/Qwen2.5-7B-Instruct,20260601-174542,16,8,5,20,1,256,64,0.0,inf,1.0,8,294.80059039700063,20,0,5120,1280,0.06784246928768527,4.341918034411857,21.709590172059286,4770.468427249398,5156.0128564979095,834.8721650964842,5156.0128564979095,5176.547496400053,5177.010904877279,1484.508489402383,1484.718692999989,4.6803458274921175,1484.718692999989,1495.7426859015795,1495.8566450786882,1461.3129025554713,1484.17846349912,186.2611102213444,1484.17846349912,1487.4233555499814,1489.0926794599727,98294.50325959951,98693.23854349932,783.6042705394167,98693.23854349932,98719.86159340122,98720.33211547787
data/raw/baseline/qwen/bench_runs_offload_paper1_qwen_fullrep_offload16_20260601_120507/qwen_offload16_conc12_run1.json,qwen_offload16_conc12_run1.json,bench_runs_offload_paper1_qwen_fullrep_offload16_20260601_120507,bench_runs_offload_paper1_qwen_fullrep_offload16_20260601_120507,offload_paper1_qwen_fullrep,qwen25_7b_offload16,Qwen/Qwen2.5-7B-Instruct,20260601-175045,16,12,1,20,1,256,64,0.0,inf,1.0,12,199.60822985899722,20,0,5120,1280,0.10019626953321491,6.412561250125754,32.06280625062877,5893.992908649852,6884.179362499708,1337.0244520808988,6884.179362499708,6886.012530698827,6886.367947739673,1491.8123198341264,1492.6303992380983,9.752700401572714,1492.6303992380983,1497.2996473722053,1523.9180819442872,1468.5025941507831,1491.661447998922,197.6787394688746,1491.661447998922,1494.3283483988125,1495.0023555010193,99878.16905819981,100919.67211349947,1163.6350284717496,100919.67211349947,100921.79336009812,100922.1333400191
data/raw/baseline/qwen/bench_runs_offload_paper1_qwen_fullrep_offload16_20260601_120507/qwen_offload16_conc12_run2.json,qwen_offload16_conc12_run2.json,bench_runs_offload_paper1_qwen_fullrep_offload16_20260601_120507,bench_runs_offload_paper1_qwen_fullrep_offload16_20260601_120507,offload_paper1_qwen_fullrep,qwen25_7b_offload16,Qwen/Qwen2.5-7B-Instruct,20260601-175549,16,12,2,20,1,256,64,0.0,inf,1.0,12,199.63592843800143,20,0,5120,1280,0.10018236775556742,6.411671536356315,32.05835768178157,5896.873163949931,6891.349490000721,1339.8975371997262,6891.349490000721,6892.907460900824,6893.383948978662,1492.0159955277736,1492.889897936529,9.793690835053381,1492.889897936529,1497.4236462912265,1524.1731251058468,1468.7031053828066,1491.926422000688,197.748122727859,1491.926422000688,1494.6047760478905,1495.5235397100842,99893.88088219966,100943.41809999969,1171.4218660364697,100943.41809999969,100944.97461045212,100945.4793636893
data/raw/baseline/qwen/bench_runs_offload_paper1_qwen_fullrep_offload16_20260601_120507/qwen_offload16_conc12_run3.json,qwen_offload16_conc12_run3.json,bench_runs_offload_paper1_qwen_fullrep_offload16_20260601_120507,bench_runs_offload_paper1_qwen_fullrep_offload16_20260601_120507,offload_paper1_qwen_fullrep,qwen25_7b_offload16,Qwen/Qwen2.5-7B-Instruct,20260601-180052,16,12,3,20,1,256,64,0.0,inf,1.0,12,199.61831435899876,20,0,5120,1280,0.1001912077267193,6.412237294510035,32.061186472550176,5899.435532800089,6896.841449999556,1342.1305025047575,6896.841449999556,6898.363282901482,6898.6440405797475,1491.8103492928522,1492.5200866111106,9.712905082373998,1492.5200866111106,1497.4517060087094,1523.9446141794945,1468.500700622664,1491.3121044992295,197.75330418607842,1491.3121044992295,1493.9890106514213,1495.7279678007035,99883.48753824976,100925.61307200049,1163.805659107008,100925.61307200049,100927.29619790189,100927.57283638086
data/raw/baseline/qwen/bench_runs_offload_paper1_qwen_fullrep_offload16_20260601_120507/qwen_offload16_conc12_run4.json,qwen_offload16_conc12_run4.json,bench_runs_offload_paper1_qwen_fullrep_offload16_20260601_120507,bench_runs_offload_paper1_qwen_fullrep_offload16_20260601_120507,offload_paper1_qwen_fullrep,qwen25_7b_offload16,Qwen/Qwen2.5-7B-Instruct,20260601-180556,16,12,4,20,1,256,64,0.0,inf,1.0,12,199.63840841500132,20,0,5120,1280,0.10018112325572492,6.411591888366395,32.057959441831976,5898.895991650352,6894.166482501532,1341.0916938355645,6894.166482501532,6896.161385099913,6896.538133820504,1491.990395686509,1492.7974510635052,9.766342680995603,1492.7974510635052,1497.4591544745895,1524.1559748314103,1468.6779115484399,1491.939960000309,197.7531709933128,1491.939960000309,1494.5334725511202,1496.0639737996826,99894.2909199004,100940.41249950169,1168.3616397951107,100940.41249950169,100942.59947215123,100943.00380963211
data/raw/baseline/qwen/bench_runs_offload_paper1_qwen_fullrep_offload16_20260601_120507/qwen_offload16_conc12_run5.json,qwen_offload16_conc12_run5.json,bench_runs_offload_paper1_qwen_fullrep_offload16_20260601_120507,bench_runs_offload_paper1_qwen_fullrep_offload16_20260601_120507,offload_paper1_qwen_fullrep,qwen25_7b_offload16,Qwen/Qwen2.5-7B-Instruct,20260601-181059,16,12,5,20,1,256,64,0.0,inf,1.0,12,199.6365324210019,20,0,5120,1280,0.10018206466250956,6.411652138400612,32.05826069200306,5897.827640950345,6893.3429424996575,1340.7607866639582,6893.3429424996575,6895.07752335212,6895.5925046696575,1491.9887068499952,1492.7798643968258,9.74218472539067,1492.7798643968258,1497.443894538891,1524.0973577522157,1468.6762590851542,1491.419723501167,197.74199743812744,1491.419723501167,1495.0730020022093,1496.5367194301507,99893.11617250004,100938.47439949968,1167.4926570768334,100938.47439949968,100940.42718484961,100940.90537456847
data/raw/baseline/qwen/bench_runs_offload_paper1_qwen_fullrep_offload16_20260601_120507/qwen_offload16_conc16_run1.json,qwen_offload16_conc16_run1.json,bench_runs_offload_paper1_qwen_fullrep_offload16_20260601_120507,bench_runs_offload_paper1_qwen_fullrep_offload16_20260601_120507,offload_paper1_qwen_fullrep,qwen25_7b_offload16,Qwen/Qwen2.5-7B-Instruct,20260601-181600,16,16,1,20,1,256,64,0.0,inf,1.0,16,197.37516380799934,20,0,5120,1280,0.10132987157115371,6.485111780553837,32.42555890276919,5380.3419740996105,5931.594198498715,1105.0850240273462,5931.594198498715,5933.413742501034,5933.416486100359,1491.0832593722332,1492.9231687460524,8.207098418206314,1492.9231687460524,1494.0647334381122,1511.3462413670163,1467.7849484968847,1492.4959284999204,189.43835960409513,1492.4959284999204,1495.4871345506035,1496.2711921978917,99318.58731455031,99985.7730449985,1159.2753108355494,99985.7730449985,99987.83380000222,99987.8340280012
data/raw/baseline/qwen/bench_runs_offload_paper1_qwen_fullrep_offload16_20260601_120507/qwen_offload16_conc16_run2.json,qwen_offload16_conc16_run2.json,bench_runs_offload_paper1_qwen_fullrep_offload16_20260601_120507,bench_runs_offload_paper1_qwen_fullrep_offload16_20260601_120507,offload_paper1_qwen_fullrep,qwen25_7b_offload16,Qwen/Qwen2.5-7B-Instruct,20260601-182102,16,16,2,20,1,256,64,0.0,inf,1.0,16,197.37017376699805,20,0,5120,1280,0.10133243345881965,6.4852757413644575,32.426378706822284,5381.908636300068,5932.251780499428,1103.9896647146084,5932.251780499428,5933.998938301556,5934.476162062674,1491.0337952809552,1492.898327801572,8.226896927297544,1492.898327801572,1494.0356546594962,1511.267370030301,1467.7362740617154,1492.5217179988977,189.43100405123275,1492.5217179988977,1495.63159545105,1497.1047864097636,99317.03773900025,99984.9069134998,1160.1718364788271,99984.9069134998,99986.60702535252,99987.0775010707
data/raw/baseline/qwen/bench_runs_offload_paper1_qwen_fullrep_offload16_20260601_120507/qwen_offload16_conc16_run3.json,qwen_offload16_conc16_run3.json,bench_runs_offload_paper1_qwen_fullrep_offload16_20260601_120507,bench_runs_offload_paper1_qwen_fullrep_offload16_20260601_120507,offload_paper1_qwen_fullrep,qwen25_7b_offload16,Qwen/Qwen2.5-7B-Instruct,20260601-182603,16,16,3,20,1,256,64,0.0,inf,1.0,16,197.36040301699904,20,0,5120,1280,0.10133745013824967,6.485596808847979,32.42798404423989,5380.869629599874,5931.237733000671,1104.3574711433241,5931.237733000671,5933.080202849669,5933.540775768197,1491.040297106352,1492.9429746349517,8.301020352539739,1492.9429746349517,1494.0836997396723,1511.3569666146236,1467.7426815171857,1492.4880270009453,189.44875750324792,1492.4880270009453,1495.277746597094,1496.4687182108173,99316.40834730005,99986.27420400044,1164.47066788153,99986.27420400044,99988.54038789924,99989.0142311774
data/raw/baseline/qwen/bench_runs_offload_paper1_qwen_fullrep_offload16_20260601_120507/qwen_offload16_conc16_run4.json,qwen_offload16_conc16_run4.json,bench_runs_offload_paper1_qwen_fullrep_offload16_20260601_120507,bench_runs_offload_paper1_qwen_fullrep_offload16_20260601_120507,offload_paper1_qwen_fullrep,qwen25_7b_offload16,Qwen/Qwen2.5-7B-Instruct,20260601-183104,16,16,4,20,1,256,64,0.0,inf,1.0,16,197.3618033470011,20,0,5120,1280,0.10133673112439108,6.485550791961029,32.427753959805145,5380.890142900535,5931.347281000853,1104.6542516185052,5931.347281000853,5933.633726800872,5933.808721359928,1491.0397295317428,1492.9357688809448,8.292615099253311,1492.9357688809448,1494.0767229063308,1511.349555616197,1467.7421170445257,1492.5886180008092,189.44227524009193,1492.5886180008092,1495.136255498801,1496.9726351000281,99316.39310340033,99986.28241550068,1164.1655564418945,99986.28241550068,99988.81763110276,99988.85505502028
data/raw/baseline/qwen/bench_runs_offload_paper1_qwen_fullrep_offload16_20260601_120507/qwen_offload16_conc16_run5.json,qwen_offload16_conc16_run5.json,bench_runs_offload_paper1_qwen_fullrep_offload16_20260601_120507,bench_runs_offload_paper1_qwen_fullrep_offload16_20260601_120507,offload_paper1_qwen_fullrep,qwen25_7b_offload16,Qwen/Qwen2.5-7B-Instruct,20260601-183605,16,16,5,20,1,256,64,0.0,inf,1.0,16,197.3885467689979,20,0,5120,1280,0.10132300139686334,6.484672089399254,32.42336044699627,5386.527232650042,5939.08688800002,1106.4034940264196,5939.08688800002,5940.710513301747,5940.860009857424,1491.2472907174574,1493.174900103195,8.34732718925719,1493.174900103195,1494.3150072492172,1511.6104326117527,1467.9464212718642,1492.6540199994633,189.48037271588674,1492.6540199994633,1495.758775052309,1496.92062958733,99335.10654784986,100008.86701749914,1169.9756558416186,100008.86701749914,100010.73253979739,100010.88508395747
