file_path,file_name,parent_dir,source_subdir,experiment_id,server_config_label,model_name,date,offload_gb,run_concurrency,run_id,num_prompts,num_warmups,input_len,output_len,temperature,request_rate,burstiness,max_concurrency,duration,completed,failed,total_input_tokens,total_output_tokens,request_throughput,output_throughput,total_token_throughput,mean_ttft_ms,median_ttft_ms,std_ttft_ms,p50_ttft_ms,p95_ttft_ms,p99_ttft_ms,mean_tpot_ms,median_tpot_ms,std_tpot_ms,p50_tpot_ms,p95_tpot_ms,p99_tpot_ms,mean_itl_ms,median_itl_ms,std_itl_ms,p50_itl_ms,p95_itl_ms,p99_itl_ms,mean_e2el_ms,median_e2el_ms,std_e2el_ms,p50_e2el_ms,p95_e2el_ms,p99_e2el_ms
data/raw/baseline/llama/bench_runs_offload_paper1_rerun_offload0_20260319_092246/offload0_conc1_run1.json,offload0_conc1_run1.json,bench_runs_offload_paper1_rerun_offload0_20260319_092246,bench_runs_offload_paper1_rerun_offload0_20260319_092246,offload_paper1_rerun,llama31_8b_offload0,meta-llama/Llama-3.1-8B-Instruct,20260319-092321,0,1,1,20,1,256,64,0.0,inf,1.0,1,26.60436330199991,20,0,5100,1280,0.7517563857089771,48.11240868537453,239.8102870411637,103.75466999985292,107.71530649981287,17.31242153406483,107.71530649981287,108.43098725054006,109.27649105091405,19.463659336509856,19.45770297619934,0.023849760856882785,19.45770297619934,19.49214302224261,19.54328412190368,19.159329357030686,19.45361700018111,2.4255454451889946,19.45361700018111,19.800613051302207,20.212991329844957,1329.9652081999739,1333.462149999832,17.044764870643693,1333.462149999832,1335.26586840062,1340.2693648806053
data/raw/baseline/llama/bench_runs_offload_paper1_rerun_offload0_20260319_092246/offload0_conc1_run2.json,offload0_conc1_run2.json,bench_runs_offload_paper1_rerun_offload0_20260319_092246,bench_runs_offload_paper1_rerun_offload0_20260319_092246,offload_paper1_rerun,llama31_8b_offload0,meta-llama/Llama-3.1-8B-Instruct,20260319-092355,0,1,2,20,1,256,64,0.0,inf,1.0,1,25.133787128999757,20,0,5100,1280,0.7957416006330255,50.92746244051363,253.84157060193513,28.378502200030198,28.32099549959821,0.3836681404090776,28.32099549959821,28.925614050331205,28.961471610255103,19.492860407935666,19.493319857146062,0.006271283910727484,19.493319857146062,19.503342254761048,19.505938812853277,19.18814345390274,19.47883799948613,2.4223962021347853,19.47883799948613,19.800082000074326,20.10327789990697,1256.4287078999769,1256.2705074997211,0.6003981920417281,1256.2705074997211,1257.6025316493542,1257.7911431299071
data/raw/baseline/llama/bench_runs_offload_paper1_rerun_offload0_20260319_092246/offload0_conc1_run3.json,offload0_conc1_run3.json,bench_runs_offload_paper1_rerun_offload0_20260319_092246,bench_runs_offload_paper1_rerun_offload0_20260319_092246,offload_paper1_rerun,llama31_8b_offload0,meta-llama/Llama-3.1-8B-Instruct,20260319-092430,0,1,3,20,1,256,64,0.0,inf,1.0,1,25.138345440000194,20,0,5100,1280,0.7955973096055858,50.91822781475749,253.79554176418188,28.4916141499707,28.685394000603992,0.4456657903662645,28.685394000603992,28.913585099871852,28.954793820230407,19.494976392063165,19.493023841263607,0.011773595173825686,19.493023841263607,19.51179161824257,19.528691352212583,19.190211985154804,19.48215300035372,2.422008652548581,19.48215300035372,19.74572099989018,20.031022800558276,1256.6751268499502,1256.502416499643,0.6293574901794956,1256.502416499643,1257.7897902993755,1258.105134059606
data/raw/baseline/llama/bench_runs_offload_paper1_rerun_offload0_20260319_092246/offload0_conc1_run4.json,offload0_conc1_run4.json,bench_runs_offload_paper1_rerun_offload0_20260319_092246,bench_runs_offload_paper1_rerun_offload0_20260319_092246,offload_paper1_rerun,llama31_8b_offload0,meta-llama/Llama-3.1-8B-Instruct,20260319-092504,0,1,4,20,1,256,64,0.0,inf,1.0,1,25.143438338000124,20,0,5100,1280,0.7954361583782806,50.90791413620996,253.74413452267152,28.179310099858412,28.19107699997403,0.4584031807171307,28.19107699997403,28.81773329945645,28.989072259155364,19.503901033336692,19.500572706347736,0.010404926637506893,19.500572706347736,19.52362652381352,19.526080238087278,19.198993723439628,19.494282999403367,2.4223297928849794,19.494282999403367,19.774082999447273,20.03597459070079,1256.9250752000698,1256.9117185003051,0.5023070246777617,1256.9117185003051,1257.6502542005073,1258.2628020392622
data/raw/baseline/llama/bench_runs_offload_paper1_rerun_offload0_20260319_092246/offload0_conc1_run5.json,offload0_conc1_run5.json,bench_runs_offload_paper1_rerun_offload0_20260319_092246,bench_runs_offload_paper1_rerun_offload0_20260319_092246,offload_paper1_rerun,llama31_8b_offload0,meta-llama/Llama-3.1-8B-Instruct,20260319-092538,0,1,5,20,1,256,64,0.0,inf,1.0,1,25.150277060000008,20,0,5100,1280,0.7952198678482468,50.8940715422878,253.67513784359073,28.484256799856666,28.773175999958767,0.5768580388765966,28.773175999958767,29.207273100291786,29.275264219431847,19.50417696587118,19.501334333350922,0.008613905382160489,19.501334333350922,19.522175917454803,19.52779697396239,19.199258621095794,19.493827500809857,2.4223244503117702,19.493827500809857,19.77390549991469,20.032489600816916,1257.2474056497413,1257.2757719990477,0.7313265047796356,1257.2757719990477,1258.4440379506304,1258.950075590128
data/raw/baseline/llama/bench_runs_offload_paper1_rerun_offload0_20260319_092246/offload0_conc2_run1.json,offload0_conc2_run1.json,bench_runs_offload_paper1_rerun_offload0_20260319_092246,bench_runs_offload_paper1_rerun_offload0_20260319_092246,offload_paper1_rerun,llama31_8b_offload0,meta-llama/Llama-3.1-8B-Instruct,20260319-092600,0,2,1,20,1,256,64,0.0,inf,1.0,2,13.340833751999526,20,0,5100,1280,1.499156677295555,95.94602734691551,478.230980057282,58.122067199929006,60.76798499998404,7.828070984684816,60.76798499998404,61.597783550678294,62.954711109923664,20.219385102384315,20.21519639682025,0.016238983515738145,20.21519639682025,20.241041900009716,20.268455630796936,19.903289151564252,20.20574399830366,2.516951612833301,20.20574399830366,20.509044499158335,20.817940699689643,1331.9433286501408,1334.5891479993952,7.297921039359581,1334.5891479993952,1336.3261042512022,1336.4364752511028
data/raw/baseline/llama/bench_runs_offload_paper1_rerun_offload0_20260319_092246/offload0_conc2_run2.json,offload0_conc2_run2.json,bench_runs_offload_paper1_rerun_offload0_20260319_092246,bench_runs_offload_paper1_rerun_offload0_20260319_092246,offload_paper1_rerun,llama31_8b_offload0,meta-llama/Llama-3.1-8B-Instruct,20260319-092622,0,2,2,20,1,256,64,0.0,inf,1.0,2,13.340542170000845,20,0,5100,1280,1.4991894441122804,95.94812442318594,478.2414326718174,58.5410882998076,61.169543500000145,7.712204903518875,61.169543500000145,62.3434638994695,63.62429037859328,20.211957573017223,20.20949982539201,0.011138250024059757,20.20949982539201,20.233985794453073,20.240712409678444,19.895915328123692,20.206658999995852,2.5135187517891517,20.206658999995852,20.428107948646357,20.86996841004293,1331.8944153998928,1334.1733279994514,7.674574877844417,1334.1733279994514,1337.410181548512,1337.5060563089573
data/raw/baseline/llama/bench_runs_offload_paper1_rerun_offload0_20260319_092246/offload0_conc2_run3.json,offload0_conc2_run3.json,bench_runs_offload_paper1_rerun_offload0_20260319_092246,bench_runs_offload_paper1_rerun_offload0_20260319_092246,offload_paper1_rerun,llama31_8b_offload0,meta-llama/Llama-3.1-8B-Instruct,20260319-092644,0,2,3,20,1,256,64,0.0,inf,1.0,2,13.291463509000096,20,0,5100,1280,1.5047251934640102,96.30241238169666,480.0073367150192,53.867975100092735,60.87294700046186,11.550368809373168,60.87294700046186,63.11942365118739,63.876788730522094,20.208335211109013,20.20914560316236,0.016215730657762054,20.20914560316236,20.24429011904027,20.24440411903058,19.89242890077918,20.202224000058777,2.5157737097152872,20.202224000058777,20.508699050424184,21.019784330528644,1326.9930933999603,1334.0556499988452,11.075752147304454,1334.0556499988452,1336.0369073002403,1336.1945662608377
data/raw/baseline/llama/bench_runs_offload_paper1_rerun_offload0_20260319_092246/offload0_conc2_run4.json,offload0_conc2_run4.json,bench_runs_offload_paper1_rerun_offload0_20260319_092246,bench_runs_offload_paper1_rerun_offload0_20260319_092246,offload_paper1_rerun,llama31_8b_offload0,meta-llama/Llama-3.1-8B-Instruct,20260319-092706,0,2,4,20,1,256,64,0.0,inf,1.0,2,13.310830890999569,20,0,5100,1280,1.5025358043969645,96.16229148140573,479.30892160263164,55.32776150002974,60.852010999951744,11.262337085458206,60.852010999951744,62.26281310000559,63.676657819723914,20.21580727143287,20.216082039691432,0.012801923315601637,20.216082039691432,20.235738713510063,20.240509088741838,19.899699488283318,20.202772999255103,2.5141414220838034,20.202772999255103,20.47013545079608,20.946621420407613,1328.9236196003003,1334.3677265011138,11.05530613776184,1334.3677265011138,1336.1573212006988,1336.628341840369
data/raw/baseline/llama/bench_runs_offload_paper1_rerun_offload0_20260319_092246/offload0_conc2_run5.json,offload0_conc2_run5.json,bench_runs_offload_paper1_rerun_offload0_20260319_092246,bench_runs_offload_paper1_rerun_offload0_20260319_092246,offload_paper1_rerun,llama31_8b_offload0,meta-llama/Llama-3.1-8B-Instruct,20260319-092729,0,2,5,20,1,256,64,0.0,inf,1.0,2,13.29243791799854,20,0,5100,1280,1.504614888809759,96.29535288382458,479.9721495303132,53.681725400019786,60.86136649992113,11.638281773346899,60.86136649992113,62.41707085082454,63.96506696986762,20.212733568255246,20.2118124920566,0.012077639606421121,20.2118124920566,20.230878583329503,20.234706269066443,19.896735729687975,20.205218499540933,2.5125892092266287,20.205218499540933,20.4597494988775,20.897760399548133,1327.0839402001002,1334.2762345000665,11.393963516655031,1334.2762345000665,1335.7087434987989,1336.0056982999595
data/raw/baseline/llama/bench_runs_offload_paper1_rerun_offload0_20260319_092246/offload0_conc4_run1.json,offload0_conc4_run1.json,bench_runs_offload_paper1_rerun_offload0_20260319_092246,bench_runs_offload_paper1_rerun_offload0_20260319_092246,offload_paper1_rerun,llama31_8b_offload0,meta-llama/Llama-3.1-8B-Instruct,20260319-092744,0,4,1,20,1,256,64,0.0,inf,1.0,4,6.776753912999993,20,0,5100,1280,2.951265496247926,188.88099175986727,941.4536933030885,60.62729714985835,62.87373699979071,7.135976126204121,62.87373699979071,64.71785109943085,64.78848701963216,20.51370852539924,20.510794523813402,0.01060134608260463,20.510794523813402,20.53221010239415,20.536104547459434,20.193036750004012,20.50071600024239,2.563458256560342,20.50071600024239,20.801183000912715,21.540616590209538,1352.9909342500105,1355.3084679997482,6.89921364359273,1355.3084679997482,1357.307406200107,1357.4095076400226
data/raw/baseline/llama/bench_runs_offload_paper1_rerun_offload0_20260319_092246/offload0_conc4_run2.json,offload0_conc4_run2.json,bench_runs_offload_paper1_rerun_offload0_20260319_092246,bench_runs_offload_paper1_rerun_offload0_20260319_092246,offload_paper1_rerun,llama31_8b_offload0,meta-llama/Llama-3.1-8B-Instruct,20260319-092800,0,4,2,20,1,256,64,0.0,inf,1.0,4,6.772594140000365,20,0,5100,1280,2.953078183421002,188.99700373894413,942.0319405112996,57.65426695006681,62.50277399976767,9.568255684559714,62.50277399976767,65.02155690041036,65.27078977889687,20.516477399995356,20.513971785721736,0.012373266647034444,20.513971785721736,20.53820537935497,20.542226840950914,20.19572890468737,20.496524999543908,2.557441731747369,20.496524999543908,20.919555000546097,21.66655529950731,1350.1923431497744,1355.0937549989612,9.570375946513638,1355.0937549989612,1356.737447750129,1356.9215919488488
data/raw/baseline/llama/bench_runs_offload_paper1_rerun_offload0_20260319_092246/offload0_conc4_run3.json,offload0_conc4_run3.json,bench_runs_offload_paper1_rerun_offload0_20260319_092246,bench_runs_offload_paper1_rerun_offload0_20260319_092246,offload_paper1_rerun,llama31_8b_offload0,meta-llama/Llama-3.1-8B-Instruct,20260319-092816,0,4,3,20,1,256,64,0.0,inf,1.0,4,6.77335235999999,20,0,5100,1280,2.9527476110810262,188.97584710918568,941.9264879348473,57.60749545024737,62.66188149947993,10.283110885196928,62.66188149947993,65.04553215008855,65.1736704294126,20.51919377698517,20.511819944442237,0.01954101617164594,20.511819944442237,20.556067582551876,20.55834847523372,20.19844758984135,20.501559999502206,2.5593280296405125,20.501559999502206,20.945637550266838,21.45869870964816,1350.3167034003127,1355.8827100005146,10.352936052735988,1355.8827100005146,1357.6292326002658,1357.6742793194353
data/raw/baseline/llama/bench_runs_offload_paper1_rerun_offload0_20260319_092246/offload0_conc4_run4.json,offload0_conc4_run4.json,bench_runs_offload_paper1_rerun_offload0_20260319_092246,bench_runs_offload_paper1_rerun_offload0_20260319_092246,offload_paper1_rerun,llama31_8b_offload0,meta-llama/Llama-3.1-8B-Instruct,20260319-092832,0,4,4,20,1,256,64,0.0,inf,1.0,4,6.838358954999421,20,0,5100,1280,2.9246782936684395,187.17941079478013,932.9723756802322,60.4308774499259,63.308126499578066,8.62866373349079,63.308126499578066,68.1970952001393,68.36264144096276,20.712723755557473,20.768715698429176,0.17340964761787248,20.768715698429176,20.931315923019337,20.98001241635107,20.388919121094773,20.51092500005325,2.6557575096153796,20.51092500005325,22.445575549318164,23.038180200564966,1365.3324740500466,1365.918582499944,13.719915595836579,1365.918582499944,1386.5709875002722,1387.269237500259
data/raw/baseline/llama/bench_runs_offload_paper1_rerun_offload0_20260319_092246/offload0_conc4_run5.json,offload0_conc4_run5.json,bench_runs_offload_paper1_rerun_offload0_20260319_092246,bench_runs_offload_paper1_rerun_offload0_20260319_092246,offload_paper1_rerun,llama31_8b_offload0,meta-llama/Llama-3.1-8B-Instruct,20260319-092847,0,4,5,20,1,256,64,0.0,inf,1.0,4,6.774831814998834,20,0,5100,1280,2.9521028043414894,188.93457947785532,941.7207945849351,60.22987579999608,62.89646149980399,7.206295975299729,62.89646149980399,65.02679760014871,65.10092192009324,20.51381179999947,20.514906341275722,0.011166033271369868,20.514906341275722,20.53027275952979,20.53893527570778,20.19315213515398,20.49419000013586,2.566043362257591,20.49419000013586,20.91169799950876,21.576443500816822,1352.6000191999628,1355.6678739996642,7.330024043675788,1355.6678739996642,1357.272554600695,1357.3771093209325
data/raw/baseline/llama/bench_runs_offload_paper1_rerun_offload0_20260319_092246/offload0_conc8_run1.json,offload0_conc8_run1.json,bench_runs_offload_paper1_rerun_offload0_20260319_092246,bench_runs_offload_paper1_rerun_offload0_20260319_092246,offload_paper1_rerun,llama31_8b_offload0,meta-llama/Llama-3.1-8B-Instruct,20260319-092901,0,8,1,20,1,256,64,0.0,inf,1.0,8,4.139813566998782,20,0,5100,1280,4.83113543069508,309.19266756448513,1541.1322023917307,67.65323904992329,64.80517099953431,10.088386232885618,64.80517099953431,78.8660128508127,79.41482176935097,20.870283544442668,20.962080992065903,0.18428698706947186,20.962080992065903,20.96568680712557,20.979449526500197,20.54402602500005,20.923949499774608,2.625530036651206,20.923949499774608,21.301190499798395,22.665131230060073,1382.4811023498114,1385.5310709996047,17.14665210584874,1385.5310709996047,1399.434470900087,1400.028211779354
data/raw/baseline/llama/bench_runs_offload_paper1_rerun_offload0_20260319_092246/offload0_conc8_run2.json,offload0_conc8_run2.json,bench_runs_offload_paper1_rerun_offload0_20260319_092246,bench_runs_offload_paper1_rerun_offload0_20260319_092246,offload_paper1_rerun,llama31_8b_offload0,meta-llama/Llama-3.1-8B-Instruct,20260319-092914,0,8,2,20,1,256,64,0.0,inf,1.0,8,4.140489695999349,20,0,5100,1280,4.830346521408936,309.1421773701719,1540.8805403294505,68.54302920019109,64.75152450093447,10.855841239725514,64.75152450093447,81.11147444951712,81.43303728998944,20.85555561587113,20.937845484118117,0.17559425770199805,20.937845484118117,20.964235344438617,20.976951399044328,20.52956478358965,20.896543500384723,2.6231956522620066,20.896543500384723,21.294221049265616,21.772827000040706,1382.4430330000723,1384.082174499781,16.987572625017528,1384.082174499781,1400.4742335489027,1400.5028483100796
data/raw/baseline/llama/bench_runs_offload_paper1_rerun_offload0_20260319_092246/offload0_conc8_run3.json,offload0_conc8_run3.json,bench_runs_offload_paper1_rerun_offload0_20260319_092246,bench_runs_offload_paper1_rerun_offload0_20260319_092246,offload_paper1_rerun,llama31_8b_offload0,meta-llama/Llama-3.1-8B-Instruct,20260319-092927,0,8,3,20,1,256,64,0.0,inf,1.0,8,4.120766656000342,20,0,5100,1280,4.85346579158457,310.6218106614125,1548.2555875154778,60.0812280997161,62.88423649948527,8.510015588725448,62.88423649948527,67.72925525010578,67.86884064933474,20.870777254761684,20.946623825390514,0.1892543437243843,20.946623825390514,20.984349680957312,20.993810088557584,20.544540409373724,20.921755000017583,2.6311241211194885,20.921755000017583,21.428507549990172,22.517167099613292,1374.940195149702,1377.0409809985722,13.41333814516956,1377.0409809985722,1389.2748594000295,1389.5434190794185
data/raw/baseline/llama/bench_runs_offload_paper1_rerun_offload0_20260319_092246/offload0_conc8_run4.json,offload0_conc8_run4.json,bench_runs_offload_paper1_rerun_offload0_20260319_092246,bench_runs_offload_paper1_rerun_offload0_20260319_092246,offload_paper1_rerun,llama31_8b_offload0,meta-llama/Llama-3.1-8B-Instruct,20260319-092940,0,8,4,20,1,256,64,0.0,inf,1.0,8,4.137194565000755,20,0,5100,1280,4.834193723735677,309.3883983190833,1542.1077978716808,67.14202934999776,65.64770999921166,9.570808425406732,65.64770999921166,76.59855090014389,76.86448858030417,20.857810026189416,20.932088849197804,0.17994430234635633,20.932088849197804,20.959609472238153,20.978620510323665,20.531788014847052,20.91854450009123,2.6263276045151627,20.91854450009123,21.35608199996568,21.842187889069464,1381.1840609999308,1384.430983499442,16.213179645995904,1384.430983499442,1396.9542984509644,1397.2369188913035
data/raw/baseline/llama/bench_runs_offload_paper1_rerun_offload0_20260319_092246/offload0_conc8_run5.json,offload0_conc8_run5.json,bench_runs_offload_paper1_rerun_offload0_20260319_092246,bench_runs_offload_paper1_rerun_offload0_20260319_092246,offload_paper1_rerun,llama31_8b_offload0,meta-llama/Llama-3.1-8B-Instruct,20260319-092953,0,8,5,20,1,256,64,0.0,inf,1.0,8,4.12219711599937,20,0,5100,1280,4.851781571137041,310.5140205527706,1547.7183211927158,61.49779884999589,63.41741850064864,7.917569517661127,63.41741850064864,69.15359575095864,76.9773815508779,20.8863607500014,20.97337572222531,0.1939754882934524,20.97337572222531,21.003049967467156,21.02914039349257,20.559871436721266,20.90814399980445,2.626385730262341,20.90814399980445,21.396979499695586,22.68821430978278,1377.338526100084,1379.2912235003314,13.624202816023722,1379.2912235003314,1388.3526354485184,1395.9497694903075
data/raw/baseline/llama/bench_runs_offload_paper1_rerun_offload0_20260319_092246/offload0_conc12_run1.json,offload0_conc12_run1.json,bench_runs_offload_paper1_rerun_offload0_20260319_092246,bench_runs_offload_paper1_rerun_offload0_20260319_092246,offload_paper1_rerun,llama31_8b_offload0,meta-llama/Llama-3.1-8B-Instruct,20260319-093005,0,12,1,20,1,256,64,0.0,inf,1.0,12,2.877112070000294,20,0,5100,1280,6.9514149999718144,444.8905599981961,2217.5013849910088,73.27329580011792,82.10477749980782,12.083053569005143,82.10477749980782,83.70605029977014,83.86740286001441,21.794480595237097,22.36211054762876,0.6954474720273869,22.36211054762876,22.367128159538197,22.36720561921896,21.453800595310213,22.22996900036378,2.841772371875903,22.22996900036378,22.586347050037144,23.661158439917973,1446.325573300055,1490.9488980001697,52.1601199179806,1490.9488980001697,1492.834000750645,1492.983154550293
data/raw/baseline/llama/bench_runs_offload_paper1_rerun_offload0_20260319_092246/offload0_conc12_run2.json,offload0_conc12_run2.json,bench_runs_offload_paper1_rerun_offload0_20260319_092246,bench_runs_offload_paper1_rerun_offload0_20260319_092246,offload_paper1_rerun,llama31_8b_offload0,meta-llama/Llama-3.1-8B-Instruct,20260319-093017,0,12,2,20,1,256,64,0.0,inf,1.0,12,2.877089297000566,20,0,5100,1280,6.951470022446114,444.8940814365513,2217.5189371603105,73.95787679997738,83.36768899971503,12.393404513665805,83.36768899971503,84.91441000105624,85.21824280067449,21.787913654762157,22.359184198403597,0.6981045632336171,22.359184198403597,22.363352580163742,22.363533665253588,21.447355529691947,22.161255499668187,2.8424782467806082,22.161255499668187,22.866378499566054,23.542963610234477,1446.5964370499933,1492.2057394996955,53.06402701653073,1492.2057394996955,1493.808526500743,1494.0950997010987
data/raw/baseline/llama/bench_runs_offload_paper1_rerun_offload0_20260319_092246/offload0_conc12_run3.json,offload0_conc12_run3.json,bench_runs_offload_paper1_rerun_offload0_20260319_092246,bench_runs_offload_paper1_rerun_offload0_20260319_092246,offload_paper1_rerun,llama31_8b_offload0,meta-llama/Llama-3.1-8B-Instruct,20260319-093029,0,12,3,20,1,256,64,0.0,inf,1.0,12,2.876790192000044,20,0,5100,1280,6.952192779166599,444.94033786666233,2217.749496554145,74.4386016502176,83.82426450043567,12.428364946577084,83.82426450043567,85.50444515012714,85.86933863063676,21.776225623805313,22.348686119036596,0.7005693141256637,22.348686119036596,22.353086349226537,22.353104926983395,21.435844569526807,22.23845050048112,2.8484425762773875,22.23845050048112,22.595206500045606,23.86204433023524,1446.3408159499522,1491.8152210002518,53.097684132412745,1491.8152210002518,1493.7049946500338,1494.058754130092
data/raw/baseline/llama/bench_runs_offload_paper1_rerun_offload0_20260319_092246/offload0_conc12_run4.json,offload0_conc12_run4.json,bench_runs_offload_paper1_rerun_offload0_20260319_092246,bench_runs_offload_paper1_rerun_offload0_20260319_092246,offload_paper1_rerun,llama31_8b_offload0,meta-llama/Llama-3.1-8B-Instruct,20260319-093041,0,12,4,20,1,256,64,0.0,inf,1.0,12,2.8565715240001737,20,0,5100,1280,7.001400046162045,448.0896029543709,2233.4466147256926,62.5000275002094,64.1558574998271,7.237284276944832,64.1558574998271,67.06771230083177,67.25037526104641,21.765701944441968,22.31616494443895,0.6840048014986463,22.31616494443895,22.324911054745048,22.35127061729578,21.425495832808394,22.141731499687012,2.8218317831516826,22.141731499687012,22.610903499662527,23.469235420361688,1433.7392500000533,1468.8133944991932,42.218081579992074,1468.8133944991932,1470.7674065501124,1471.0923757098135
data/raw/baseline/llama/bench_runs_offload_paper1_rerun_offload0_20260319_092246/offload0_conc12_run5.json,offload0_conc12_run5.json,bench_runs_offload_paper1_rerun_offload0_20260319_092246,bench_runs_offload_paper1_rerun_offload0_20260319_092246,offload_paper1_rerun,llama31_8b_offload0,meta-llama/Llama-3.1-8B-Instruct,20260319-093053,0,12,5,20,1,256,64,0.0,inf,1.0,12,2.875167517000591,20,0,5100,1280,6.956116428605259,445.19145143073655,2219.001140725077,73.55637525006387,82.09024900043005,11.861383129527203,82.09024900043005,84.05541814881872,84.13661883099849,21.773305582542346,22.33327267460106,0.687402889717953,22.33327267460106,22.34027618255895,22.34039549047353,21.432996017966843,22.173604998897645,2.82384541336906,22.173604998897645,22.72305150027023,23.190473050053733,1445.2746269502313,1489.293868000459,51.36716252771444,1489.293868000459,1491.0968186986793,1491.50233494056
data/raw/baseline/llama/bench_runs_offload_paper1_rerun_offload0_20260319_092246/offload0_conc16_run1.json,offload0_conc16_run1.json,bench_runs_offload_paper1_rerun_offload0_20260319_092246,bench_runs_offload_paper1_rerun_offload0_20260319_092246,offload_paper1_rerun,llama31_8b_offload0,meta-llama/Llama-3.1-8B-Instruct,20260319-093105,0,16,1,20,1,256,64,0.0,inf,1.0,16,2.870498606000183,20,0,5100,1280,6.967430661068478,445.9155623083826,2222.610380880845,84.13533990014912,91.92914000050223,15.24431390597587,91.92914000050223,94.32688904989845,94.35417380924264,22.182306545239538,22.605337015871584,0.8466293302090884,22.605337015871584,22.607870615884746,22.633235266037822,21.83559464922382,22.551724000550166,2.9543089622661936,22.551724000550166,23.07073355113971,24.83286272028636,1481.6206522502398,1516.0969230000774,64.907519260458,1516.0969230000774,1518.5162400006448,1518.5227303997453
data/raw/baseline/llama/bench_runs_offload_paper1_rerun_offload0_20260319_092246/offload0_conc16_run2.json,offload0_conc16_run2.json,bench_runs_offload_paper1_rerun_offload0_20260319_092246,bench_runs_offload_paper1_rerun_offload0_20260319_092246,offload_paper1_rerun,llama31_8b_offload0,meta-llama/Llama-3.1-8B-Instruct,20260319-093116,0,16,2,20,1,256,64,0.0,inf,1.0,16,2.8695341059992643,20,0,5100,1280,6.9697725349165545,446.0654422346595,2223.3574386383807,83.2208552999873,90.75218650013994,14.84336887568658,90.75218650013994,92.8520898507486,93.04912516930926,22.176091868255924,22.594126920632824,0.8423798881463535,22.594126920632824,22.598896629359743,22.650069636998406,21.829488742189085,22.565477000171086,2.9458608558419237,22.565477000171086,23.236881450338842,23.73447869971642,1480.3146430001107,1514.110805999735,63.86710339808467,1514.110805999735,1516.357566300212,1516.5089780605194
data/raw/baseline/llama/bench_runs_offload_paper1_rerun_offload0_20260319_092246/offload0_conc16_run3.json,offload0_conc16_run3.json,bench_runs_offload_paper1_rerun_offload0_20260319_092246,bench_runs_offload_paper1_rerun_offload0_20260319_092246,offload_paper1_rerun,llama31_8b_offload0,meta-llama/Llama-3.1-8B-Instruct,20260319-093128,0,16,3,20,1,256,64,0.0,inf,1.0,16,2.868868888999714,20,0,5100,1280,6.971388646127145,446.16887335213727,2223.872978114559,82.87148940016777,90.32654850034305,14.936593451351143,90.32654850034305,92.70503955131062,92.72728550933607,22.17999245555355,22.598807857147698,0.8421309460119775,22.598807857147698,22.601854183348124,22.638620703314484,21.833330975778154,22.54711000023235,2.950844396654306,22.54711000023235,22.970887499377568,24.71445190891245,1480.2110141000412,1513.9345155002957,64.01708986427693,1513.9345155002957,1516.4576859995577,1516.463826800973
data/raw/baseline/llama/bench_runs_offload_paper1_rerun_offload0_20260319_092246/offload0_conc16_run4.json,offload0_conc16_run4.json,bench_runs_offload_paper1_rerun_offload0_20260319_092246,bench_runs_offload_paper1_rerun_offload0_20260319_092246,offload_paper1_rerun,llama31_8b_offload0,meta-llama/Llama-3.1-8B-Instruct,20260319-093140,0,16,4,20,1,256,64,0.0,inf,1.0,16,2.869557423000515,20,0,5100,1280,6.969715901028133,446.0618176658005,2223.3393724279745,84.16616559998147,92.04298750046291,15.22025010017852,92.04298750046291,93.9017837990832,94.10807516032946,22.173708753174044,22.593778420626236,0.844334175916744,22.593778420626236,22.597745927775996,22.638011560170167,21.82714064530984,22.57402400027786,2.947424957343826,22.57402400027786,22.99351849960658,24.60069970931727,1481.1098170499463,1515.2770574995884,64.64952175265446,1515.2770574995884,1517.3141628489248,1517.5245437701233
data/raw/baseline/llama/bench_runs_offload_paper1_rerun_offload0_20260319_092246/offload0_conc16_run5.json,offload0_conc16_run5.json,bench_runs_offload_paper1_rerun_offload0_20260319_092246,bench_runs_offload_paper1_rerun_offload0_20260319_092246,offload_paper1_rerun,llama31_8b_offload0,meta-llama/Llama-3.1-8B-Instruct,20260319-093152,0,16,5,20,1,256,64,0.0,inf,1.0,16,2.871142920001148,20,0,5100,1280,6.965867097968081,445.8154942699572,2222.111604251818,85.123437349921,93.53991499938275,16.121801396798542,93.53991499938275,95.50788209926395,95.87245562004682,22.192504365078104,22.617786007931354,0.8528196932063251,22.617786007931354,22.620066639670505,22.636539893011925,21.845605318748085,22.551042000486632,2.984186385984825,22.551042000486632,23.25049099918033,26.63022779952371,1483.2512123498418,1518.4779339997476,66.52844116956092,1518.4779339997476,1520.4544851998435,1520.8557530403414
data/raw/baseline/llama/bench_runs_offload_paper1_rerun_offload2_20260320_084100/offload2_conc1_run1.json,offload2_conc1_run1.json,bench_runs_offload_paper1_rerun_offload2_20260320_084100,bench_runs_offload_paper1_rerun_offload2_20260320_084100,offload_paper1_rerun,llama31_8b_offload2,meta-llama/Llama-3.1-8B-Instruct,20260320-084341,2,1,1,20,1,256,64,0.0,inf,1.0,1,146.2632225100001,20,0,5100,1280,0.13673977406475224,8.751345540144143,43.619987926655966,666.836361800074,688.2082990000526,94.65429496320944,688.2082990000526,690.3742497503117,690.7755411502148,105.49332188730038,105.49625999206071,0.007574272900012695,105.49625999206071,105.5038509666622,105.50506259967949,103.84482653046767,105.48761900008685,13.082472911587438,105.48761900008685,105.65453820017865,105.91715681009191,7312.915640699998,7334.321794500056,94.57415236492368,7334.321794500056,7336.854339100114,7337.039218220048
data/raw/baseline/llama/bench_runs_offload_paper1_rerun_offload2_20260320_084100/offload2_conc1_run2.json,offload2_conc1_run2.json,bench_runs_offload_paper1_rerun_offload2_20260320_084100,bench_runs_offload_paper1_rerun_offload2_20260320_084100,offload_paper1_rerun,llama31_8b_offload2,meta-llama/Llama-3.1-8B-Instruct,20260320-084614,2,1,2,20,1,256,64,0.0,inf,1.0,1,138.10175489100038,20,0,5100,1280,0.1448207520301636,9.26852812993047,46.19781989762219,256.1347080500127,256.10337199987043,0.6864849919294609,256.10337199987043,257.16892740022104,257.5649542798101,105.53497493968186,105.48429485714455,0.16209791135484886,105.48429485714455,105.84193446508169,106.09809507079105,103.88577752734314,105.48397850016045,13.113737542504321,105.48397850016045,105.67607059990678,106.06047330005367,6904.83812924997,6901.621207500057,10.241909744700314,6901.621207500057,6923.755940100364,6940.463553619975
data/raw/baseline/llama/bench_runs_offload_paper1_rerun_offload2_20260320_084100/offload2_conc1_run3.json,offload2_conc1_run3.json,bench_runs_offload_paper1_rerun_offload2_20260320_084100,bench_runs_offload_paper1_rerun_offload2_20260320_084100,offload_paper1_rerun,llama31_8b_offload2,meta-llama/Llama-3.1-8B-Instruct,20260320-084846,2,1,3,20,1,256,64,0.0,inf,1.0,1,138.03665459700005,20,0,5100,1280,0.14488905181301504,9.272899316032962,46.219607528351794,256.0860558499826,256.02165350005635,0.9977951675992365,256.02165350005635,258.3080181000014,258.64694921996943,105.48394513254085,105.48315335714389,0.0064298012812310425,105.48315335714389,105.49674517936195,105.49679977873113,103.83557172578222,105.48198699984823,13.081834106216068,105.48198699984823,105.62523309997687,105.92895809998026,6901.5745992000575,6901.584766500264,1.0991051072964393,6901.584766500264,6903.744615950086,6903.945331190166
data/raw/baseline/llama/bench_runs_offload_paper1_rerun_offload2_20260320_084100/offload2_conc1_run4.json,offload2_conc1_run4.json,bench_runs_offload_paper1_rerun_offload2_20260320_084100,bench_runs_offload_paper1_rerun_offload2_20260320_084100,offload_paper1_rerun,llama31_8b_offload2,meta-llama/Llama-3.1-8B-Instruct,20260320-085119,2,1,4,20,1,256,64,0.0,inf,1.0,1,138.07548438599997,20,0,5100,1280,0.14484830590265074,9.270291577769648,46.20660958294559,256.33751400002893,256.16790349999974,0.972541529230571,256.16790349999974,257.91622944996107,258.1477170901735,105.5109818722229,105.48952992857383,0.10040871463473905,105.48952992857383,105.52863864444235,105.86280379237797,103.86221237890645,105.48819999985426,13.1005207774777,105.48819999985426,105.66166340001928,105.99494037967361,6903.529371950071,6902.10954500003,6.773297297081626,6902.10954500003,6905.265697899927,6927.313402780005
data/raw/baseline/llama/bench_runs_offload_paper1_rerun_offload2_20260320_084100/offload2_conc1_run5.json,offload2_conc1_run5.json,bench_runs_offload_paper1_rerun_offload2_20260320_084100,bench_runs_offload_paper1_rerun_offload2_20260320_084100,offload_paper1_rerun,llama31_8b_offload2,meta-llama/Llama-3.1-8B-Instruct,20260320-085352,2,1,5,20,1,256,64,0.0,inf,1.0,1,138.0304556279998,20,0,5100,1280,0.14489555880262525,9.273315763368016,46.22168325803745,255.4812673500237,255.540071500036,1.0542594696997163,255.540071500036,256.77622929997597,257.4552026606034,105.48868880079485,105.48950500793897,0.006837053957540518,105.48950500793897,105.49896566745947,105.50064395254796,103.84024398359522,105.48449949965288,13.082333228003662,105.48449949965288,105.67618175055031,105.97471662997123,6901.2686618001,6901.238978499805,1.0689884107115735,6901.238978499805,6902.4818129501,6903.738624190555
data/raw/baseline/llama/bench_runs_offload_paper1_rerun_offload2_20260320_084100/offload2_conc2_run1.json,offload2_conc2_run1.json,bench_runs_offload_paper1_rerun_offload2_20260320_084100,bench_runs_offload_paper1_rerun_offload2_20260320_084100,offload_paper1_rerun,llama31_8b_offload2,meta-llama/Llama-3.1-8B-Instruct,20260320-085646,2,2,1,20,1,256,64,0.0,inf,1.0,2,159.6774322680003,20,0,5100,1280,0.12525251512331617,8.016160967892235,39.95555232433786,429.483818250128,460.77251399992747,141.76857484963082,460.77251399992747,603.1708329495814,603.3817473899762,246.46698932936357,246.37542732539762,1.8236435361819654,246.37542732539762,248.620222944447,248.6782520809527,242.6157472851571,248.61032149965467,35.14180649838737,248.61032149965467,249.22356054921693,249.51449555987892,15956.904146000034,15976.536218000092,36.84928034474897,15976.536218000092,15987.02880450005,16021.699920900148
data/raw/baseline/llama/bench_runs_offload_paper1_rerun_offload2_20260320_084100/offload2_conc2_run2.json,offload2_conc2_run2.json,bench_runs_offload_paper1_rerun_offload2_20260320_084100,bench_runs_offload_paper1_rerun_offload2_20260320_084100,offload_paper1_rerun,llama31_8b_offload2,meta-llama/Llama-3.1-8B-Instruct,20260320-085940,2,2,2,20,1,256,64,0.0,inf,1.0,2,159.69214622500022,20,0,5100,1280,0.12524097441724374,8.0154223627036,39.951870839100756,429.65905205005583,460.53886399977273,141.96411549723697,460.53886399977273,604.9742860498554,605.2008276101878,246.4876060626964,246.38957730952362,1.816013562329987,246.38957730952362,248.6854288150801,248.68768235983484,242.6360544445309,248.65569450003022,35.13315805923361,248.65569450003022,249.21512634950886,249.6300712797438,15958.378233999929,15979.948836000403,36.84487966163928,15979.948836000403,15987.737069599916,16018.527642719437
data/raw/baseline/llama/bench_runs_offload_paper1_rerun_offload2_20260320_084100/offload2_conc2_run3.json,offload2_conc2_run3.json,bench_runs_offload_paper1_rerun_offload2_20260320_084100,bench_runs_offload_paper1_rerun_offload2_20260320_084100,offload_paper1_rerun,llama31_8b_offload2,meta-llama/Llama-3.1-8B-Instruct,20260320-090234,2,2,3,20,1,256,64,0.0,inf,1.0,2,159.74363384000026,20,0,5100,1280,0.12520060749357978,8.012838879589106,39.938993790451946,457.01042649993724,460.76542050013813,134.145220462489,460.76542050013813,604.0710364003644,604.5405096798095,246.1353587746046,246.3453781746004,1.7315159926498052,246.3453781746004,248.6220752865111,248.622317292217,242.2893117484378,248.63658749973183,35.75343350555531,248.63658749973183,249.21714115002942,249.64248715990834,15963.538029300025,15979.983449999963,35.718447825519306,15979.983449999963,15989.356977899797,16019.604079579978
data/raw/baseline/llama/bench_runs_offload_paper1_rerun_offload2_20260320_084100/offload2_conc2_run4.json,offload2_conc2_run4.json,bench_runs_offload_paper1_rerun_offload2_20260320_084100,bench_runs_offload_paper1_rerun_offload2_20260320_084100,offload_paper1_rerun,llama31_8b_offload2,meta-llama/Llama-3.1-8B-Instruct,20260320-090529,2,2,4,20,1,256,64,0.0,inf,1.0,2,159.92036194799948,20,0,5100,1280,0.12506224821141476,8.003983885530545,39.89485717944131,501.7771575997813,480.1495214996976,98.83559733193692,480.1495214996976,604.1017051999006,604.5163794396285,245.70506691825574,246.35915303174662,1.46677219877619,246.35915303174662,248.68918999920552,248.7061879300048,241.86572858437856,248.66103449994625,36.54182475424274,248.66103449994625,249.24283744953755,249.6232823405444,15981.196373449893,15982.874186999652,31.79643766074816,15982.874186999652,16025.563040749923,16032.55429215021
data/raw/baseline/llama/bench_runs_offload_paper1_rerun_offload2_20260320_084100/offload2_conc2_run5.json,offload2_conc2_run5.json,bench_runs_offload_paper1_rerun_offload2_20260320_084100,bench_runs_offload_paper1_rerun_offload2_20260320_084100,offload_paper1_rerun,llama31_8b_offload2,meta-llama/Llama-3.1-8B-Instruct,20260320-090823,2,2,5,20,1,256,64,0.0,inf,1.0,2,159.8723319969995,20,0,5100,1280,0.1250998202764401,8.006388497692166,39.90684266818439,512.235695949903,485.155174999818,95.75064612098787,485.155174999818,604.730276249802,605.1119216501047,245.46335526904787,246.30505208730057,1.3332142023512745,246.30505208730057,246.57417124920588,248.27772106888798,241.62780568125086,248.62172749999445,36.943670192099674,248.62172749999445,249.2595654998695,249.62160185992616,15976.427077899916,15982.047033999606,29.267742617287645,15982.047033999606,15986.698134249991,16025.978494849689
data/raw/baseline/llama/bench_runs_offload_paper1_rerun_offload2_20260320_084100/offload2_conc4_run1.json,offload2_conc4_run1.json,bench_runs_offload_paper1_rerun_offload2_20260320_084100,bench_runs_offload_paper1_rerun_offload2_20260320_084100,offload_paper1_rerun,llama31_8b_offload2,meta-llama/Llama-3.1-8B-Instruct,20260320-090959,2,4,1,20,1,256,64,0.0,inf,1.0,4,81.31803362400024,20,0,5100,1280,0.24594790489495053,15.740665913276834,78.45738166148922,591.3284315000965,607.6371230001314,102.82935920293266,607.6371230001314,745.4823100497833,746.370614010275,248.36602743015544,248.7786933492071,0.8877570573769451,248.7786933492071,248.87847582698424,248.88300207332503,244.4851472671843,248.80354600009014,31.84035225702339,248.80354600009014,249.40825594962917,249.8983108498669,16238.38815959989,16280.318975999762,90.7575203937852,16280.318975999762,16284.500074049447,16284.72947320997
data/raw/baseline/llama/bench_runs_offload_paper1_rerun_offload2_20260320_084100/offload2_conc4_run2.json,offload2_conc4_run2.json,bench_runs_offload_paper1_rerun_offload2_20260320_084100,bench_runs_offload_paper1_rerun_offload2_20260320_084100,offload_paper1_rerun,llama31_8b_offload2,meta-llama/Llama-3.1-8B-Instruct,20260320-091136,2,4,2,20,1,256,64,0.0,inf,1.0,4,81.87051617499947,20,0,5100,1280,0.24428818742573574,15.634443995247087,77.9279317888097,651.3683712499642,747.332019499936,161.1961424969925,747.332019499936,752.2121045497443,752.4291233105578,248.77424395555417,248.7579058968203,0.053371950835327545,248.7579058968203,248.86295210793443,248.86815070095219,244.88696391874853,248.77437399982227,30.85649111837357,248.77437399982227,249.42037645041637,249.9036416006311,16324.145740449876,16417.58187100004,158.99505950841262,16417.58187100004,16424.792458150612,16424.886882830495
data/raw/baseline/llama/bench_runs_offload_paper1_rerun_offload2_20260320_084100/offload2_conc4_run3.json,offload2_conc4_run3.json,bench_runs_offload_paper1_rerun_offload2_20260320_084100,bench_runs_offload_paper1_rerun_offload2_20260320_084100,offload_paper1_rerun,llama31_8b_offload2,meta-llama/Llama-3.1-8B-Instruct,20260320-091312,2,4,3,20,1,256,64,0.0,inf,1.0,4,81.87860593900041,20,0,5100,1280,0.2442640512822117,15.63289928206155,77.92023235902553,651.5884581000137,747.013757500099,161.34874385849906,747.013757500099,752.714768599435,752.7553921197614,248.79775835872914,248.80535692063717,0.03344597142085428,248.80535692063717,248.8424301309488,248.84726620396577,244.91013745703114,248.78344200033098,30.85914906103269,248.78344200033098,249.414812500072,250.0381861000369,16325.84723469995,16422.14245599962,161.12731802151404,16422.14245599962,16425.23139344926,16425.2333914899
data/raw/baseline/llama/bench_runs_offload_paper1_rerun_offload2_20260320_084100/offload2_conc4_run4.json,offload2_conc4_run4.json,bench_runs_offload_paper1_rerun_offload2_20260320_084100,bench_runs_offload_paper1_rerun_offload2_20260320_084100,offload_paper1_rerun,llama31_8b_offload2,meta-llama/Llama-3.1-8B-Instruct,20260320-091449,2,4,4,20,1,256,64,0.0,inf,1.0,4,81.8835749789996,20,0,5100,1280,0.24424922831140836,15.631950611930135,77.91550383133927,651.5433504501289,747.5636060003126,161.80640727711526,747.5636060003126,753.0618575493918,753.0702259097143,248.8125237634911,248.80874457936184,0.02216932343939275,248.80874457936184,248.85618430317186,248.8602871209537,244.92466321406,248.80429650011138,30.86060387125343,248.80429650011138,249.44995234945964,250.07151041025284,16326.73234755007,16422.56156050007,161.7160866777016,16422.56156050007,16426.87105280047,16426.990688960195
data/raw/baseline/llama/bench_runs_offload_paper1_rerun_offload2_20260320_084100/offload2_conc4_run5.json,offload2_conc4_run5.json,bench_runs_offload_paper1_rerun_offload2_20260320_084100,bench_runs_offload_paper1_rerun_offload2_20260320_084100,offload_paper1_rerun,llama31_8b_offload2,meta-llama/Llama-3.1-8B-Instruct,20260320-091624,2,4,5,20,1,256,64,0.0,inf,1.0,4,81.31232232799994,20,0,5100,1280,0.24596518002921422,15.74177152186971,78.46289242931934,591.1082922000332,607.7012335003928,103.67559586626732,607.7012335003928,746.8527003991312,748.0036048794773,248.35177178650602,248.79381350793335,0.8847148093074663,248.79381350793335,248.8012838547497,248.8135721741259,244.47111184609227,248.80498899938175,31.838819753171272,248.80498899938175,249.41497154977696,249.75970199972835,16237.269914749913,16281.438736999462,92.88384731716476,16281.438736999462,16283.176378350028,16284.368595669974
data/raw/baseline/llama/bench_runs_offload_paper1_rerun_offload2_20260320_084100/offload2_conc8_run1.json,offload2_conc8_run1.json,bench_runs_offload_paper1_rerun_offload2_20260320_084100,bench_runs_offload_paper1_rerun_offload2_20260320_084100,offload_paper1_rerun,llama31_8b_offload2,meta-llama/Llama-3.1-8B-Instruct,20260320-091728,2,8,1,20,1,256,64,0.0,inf,1.0,8,49.07469728900014,20,0,5100,1280,0.4075419942423752,26.082687631512012,130.0058961633177,609.3139736501143,607.715468000606,89.44953462254847,607.715468000606,749.745234550528,750.1717245100645,249.82692948095223,250.50218759523497,1.1283562587605,250.50218759523497,250.5259164285834,250.52597602222932,245.92325956171806,250.40414400064037,31.79300345078654,250.40414400064037,251.33384954947357,251.90692340976057,16348.410530950105,16386.973688000126,111.75019766891138,16386.973688000126,16406.753825000033,16406.767428999938
data/raw/baseline/llama/bench_runs_offload_paper1_rerun_offload2_20260320_084100/offload2_conc8_run2.json,offload2_conc8_run2.json,bench_runs_offload_paper1_rerun_offload2_20260320_084100,bench_runs_offload_paper1_rerun_offload2_20260320_084100,offload_paper1_rerun,llama31_8b_offload2,meta-llama/Llama-3.1-8B-Instruct,20260320-091831,2,8,2,20,1,256,64,0.0,inf,1.0,8,49.082398345,20,0,5100,1280,0.40747805067348325,26.078595243102928,129.98549816484115,607.8838349000762,608.3452599996235,90.022962667716,608.3452599996235,749.9596994506192,750.3304646898596,249.87601813174535,250.529198293645,1.1164710071291972,250.529198293645,250.57706249999316,250.58018634127387,245.97154449999863,250.43721099973482,31.795922512065054,250.43721099973482,251.25984954997875,251.80344720000903,16350.072977200036,16386.78017050006,111.05679170920762,16386.78017050006,16407.88939190056,16408.249706380077
data/raw/baseline/llama/bench_runs_offload_paper1_rerun_offload2_20260320_084100/offload2_conc8_run3.json,offload2_conc8_run3.json,bench_runs_offload_paper1_rerun_offload2_20260320_084100,bench_runs_offload_paper1_rerun_offload2_20260320_084100,offload_paper1_rerun,llama31_8b_offload2,meta-llama/Llama-3.1-8B-Instruct,20260320-091935,2,8,3,20,1,256,64,0.0,inf,1.0,8,49.06358268300028,20,0,5100,1280,0.4076343166625227,26.088596266401453,130.03534701534474,608.2260167998356,606.9569860001138,89.94910631664087,606.9569860001138,749.2864497997743,749.8403955596314,249.77838646031856,250.44770466666665,1.117064329720504,250.44770466666665,250.4656143809507,250.46570051428384,245.87545516640503,250.36302450052972,31.78383359346238,250.36302450052972,251.0893344995111,251.24114979051225,16344.2643637999,16383.237933499913,111.37036895580499,16383.237933499913,16401.092757049675,16401.328525009896
data/raw/baseline/llama/bench_runs_offload_paper1_rerun_offload2_20260320_084100/offload2_conc8_run4.json,offload2_conc8_run4.json,bench_runs_offload_paper1_rerun_offload2_20260320_084100,bench_runs_offload_paper1_rerun_offload2_20260320_084100,offload_paper1_rerun,llama31_8b_offload2,meta-llama/Llama-3.1-8B-Instruct,20260320-092038,2,8,4,20,1,256,64,0.0,inf,1.0,8,49.07569985099963,20,0,5100,1280,0.40753366861242263,26.082154791195048,130.00324028736281,607.9860909000217,606.9222569999511,90.02198722078391,606.9222569999511,749.5400039003925,750.5442207802389,249.84881739523743,250.51756706349647,1.1226322930193244,250.51756706349647,250.54606731746676,250.54622366031626,245.944801151564,250.39712099942335,31.79004300658827,250.39712099942335,251.12728255003276,251.53121550051765,16348.461586799978,16387.375722000343,111.72897116662375,16387.375722000343,16405.428851049917,16405.45735180954
data/raw/baseline/llama/bench_runs_offload_paper1_rerun_offload2_20260320_084100/offload2_conc8_run5.json,offload2_conc8_run5.json,bench_runs_offload_paper1_rerun_offload2_20260320_084100,bench_runs_offload_paper1_rerun_offload2_20260320_084100,offload_paper1_rerun,llama31_8b_offload2,meta-llama/Llama-3.1-8B-Instruct,20260320-092142,2,8,5,20,1,256,64,0.0,inf,1.0,8,49.07170255900019,20,0,5100,1280,0.40756686556684024,26.084279396277775,130.01383011582203,609.6976152000025,607.9403310000089,89.89560448748439,607.9403310000089,751.3057047498478,751.8296449494119,249.81645211190485,250.51240404761865,1.1559780969145868,250.51240404761865,250.5332949841294,250.5333955936535,245.91293430156114,250.44134799964013,31.786377739009364,250.44134799964013,251.09079099934206,251.8598328101962,16348.134098250011,16388.55698749967,112.75013002269581,16388.55698749967,16406.881071599855,16407.124584720077
data/raw/baseline/llama/bench_runs_offload_paper1_rerun_offload2_20260320_084100/offload2_conc12_run1.json,offload2_conc12_run1.json,bench_runs_offload_paper1_rerun_offload2_20260320_084100,bench_runs_offload_paper1_rerun_offload2_20260320_084100,offload_paper1_rerun,llama31_8b_offload2,meta-llama/Llama-3.1-8B-Instruct,20260320-092230,2,12,1,20,1,256,64,0.0,inf,1.0,12,32.972750001999884,20,0,5100,1280,0.6065614787600958,38.81993464064613,193.49311172447054,576.9836388999465,573.6155925001185,80.79234900944451,573.6155925001185,610.1681867998651,724.624396560366,252.44033119523823,254.18853281746036,2.003725933444773,254.18853281746036,254.1959244603168,254.19596475238217,248.49583597109373,253.76825649982493,31.94154288518386,253.76825649982493,254.83789350050756,255.16397400049757,16480.724504199952,16586.422820499592,133.85738632518138,16586.422820499592,16587.836870400224,16587.99272207989
data/raw/baseline/llama/bench_runs_offload_paper1_rerun_offload2_20260320_084100/offload2_conc12_run2.json,offload2_conc12_run2.json,bench_runs_offload_paper1_rerun_offload2_20260320_084100,bench_runs_offload_paper1_rerun_offload2_20260320_084100,offload_paper1_rerun,llama31_8b_offload2,meta-llama/Llama-3.1-8B-Instruct,20260320-092317,2,12,2,20,1,256,64,0.0,inf,1.0,12,32.97027455399984,20,0,5100,1280,0.6066070201278827,38.82284928818449,193.50763942079456,575.3294592001566,571.7000679997,81.22409270586087,571.7000679997,609.2178541505292,723.6348532306235,252.44709742460074,254.2027147380958,2.010433530616787,254.2027147380958,254.20970028490913,254.21222395539604,248.50248478046666,253.79277750016627,31.94004490596762,253.79277750016627,254.65883155020492,256.2441014001706,16479.496596950004,16585.225470500063,134.36475264385044,16585.225470500063,16587.14633519953,16587.228099039556
data/raw/baseline/llama/bench_runs_offload_paper1_rerun_offload2_20260320_084100/offload2_conc12_run3.json,offload2_conc12_run3.json,bench_runs_offload_paper1_rerun_offload2_20260320_084100,bench_runs_offload_paper1_rerun_offload2_20260320_084100,offload_paper1_rerun,llama31_8b_offload2,meta-llama/Llama-3.1-8B-Instruct,20260320-092405,2,12,3,20,1,256,64,0.0,inf,1.0,12,32.9716307409999,20,0,5100,1280,0.6065820692068529,38.821252429238584,193.4996800769861,574.381905149994,570.1006459999007,81.5548873463751,570.1006459999007,608.7068581997302,725.61069963951,252.47070455555564,254.2267805634938,2.0127969158681958,254.2267805634938,254.24036150872692,254.24066503825,248.52571774296806,253.92559350029842,31.943062036637166,253.92559350029842,254.80908550039206,255.16767139980402,16480.03629215,16585.065997499896,133.9231431590975,16585.065997499896,16586.720098400157,16587.708438879938
data/raw/baseline/llama/bench_runs_offload_paper1_rerun_offload2_20260320_084100/offload2_conc12_run4.json,offload2_conc12_run4.json,bench_runs_offload_paper1_rerun_offload2_20260320_084100,bench_runs_offload_paper1_rerun_offload2_20260320_084100,offload_paper1_rerun,llama31_8b_offload2,meta-llama/Llama-3.1-8B-Instruct,20260320-092452,2,12,4,20,1,256,64,0.0,inf,1.0,12,32.97133430199938,20,0,5100,1280,0.6065875228709565,38.82160146374122,193.50141979583512,574.969966900062,570.0051475000691,81.83729481603802,570.0051475000691,610.4498706501091,726.6971701301643,252.4662869960327,254.2535768730193,2.044220120499903,254.2535768730193,254.26060991349075,254.26132034459891,248.52138668750143,253.91510349982127,31.94933471032796,253.91510349982127,254.85133949969168,255.1017982001849,16480.34604765012,16586.515882499953,134.69311838006368,16586.515882499953,16588.480062050032,16588.707971610413
data/raw/baseline/llama/bench_runs_offload_paper1_rerun_offload2_20260320_084100/offload2_conc12_run5.json,offload2_conc12_run5.json,bench_runs_offload_paper1_rerun_offload2_20260320_084100,bench_runs_offload_paper1_rerun_offload2_20260320_084100,offload_paper1_rerun,llama31_8b_offload2,meta-llama/Llama-3.1-8B-Instruct,20260320-092539,2,12,5,20,1,256,64,0.0,inf,1.0,12,32.97096357499959,20,0,5100,1280,0.6065943433683907,38.822037975577004,193.50359553451662,575.9732040501603,571.0465570000451,81.94531839993583,571.0465570000451,611.0011276005936,727.8556207196923,252.44530116983987,254.21769790476006,2.029638336171319,254.21769790476006,254.22490624762773,254.22498456380188,248.50073092109284,253.9391295003952,31.943976881887014,253.9391295003952,254.82572350056216,255.22990740054414,16480.02717775007,16585.54524550027,134.26120629373247,16585.54524550027,16587.31966870014,16587.608144940416
data/raw/baseline/llama/bench_runs_offload_paper1_rerun_offload2_20260320_084100/offload2_conc16_run1.json,offload2_conc16_run1.json,bench_runs_offload_paper1_rerun_offload2_20260320_084100,bench_runs_offload_paper1_rerun_offload2_20260320_084100,offload_paper1_rerun,llama31_8b_offload2,meta-llama/Llama-3.1-8B-Instruct,20260320-092627,2,16,1,20,1,256,64,0.0,inf,1.0,16,32.92267479400016,20,0,5100,1280,0.6074840554463335,38.87897954856535,193.7874136873804,604.2871952498899,615.3227875001903,83.00812510387338,615.3227875001903,624.339671749931,730.9146959492681,253.05894103413013,254.45150845237708,2.5580771743957613,254.45150845237708,254.45208718969053,254.45217113952722,249.10478347109475,254.4295930001681,32.02219928241082,254.4295930001681,255.15842239997255,255.51066009034912,16547.000480400082,16645.406797500073,173.92512196221563,16645.406797500073,16647.33113680004,16647.699733760437
data/raw/baseline/llama/bench_runs_offload_paper1_rerun_offload2_20260320_084100/offload2_conc16_run2.json,offload2_conc16_run2.json,bench_runs_offload_paper1_rerun_offload2_20260320_084100,bench_runs_offload_paper1_rerun_offload2_20260320_084100,offload_paper1_rerun,llama31_8b_offload2,meta-llama/Llama-3.1-8B-Instruct,20260320-092714,2,16,2,20,1,256,64,0.0,inf,1.0,16,32.92421355499937,20,0,5100,1280,0.6074556637955929,38.877162482917946,193.77835675079413,601.6307040498305,612.416401000246,83.13654528519923,612.416401000246,621.2111958001061,729.5600303599438,253.09167637539886,254.4730544920625,2.53707979946102,254.4730544920625,254.4740008801628,254.47406540778516,249.13699999609662,254.36184050022348,32.024037456712655,254.36184050022348,255.05719699963265,255.99187870037892,16546.406315699962,16643.766974499613,172.6011553189465,16643.766974499613,16645.808322149926,16645.885996429995
data/raw/baseline/llama/bench_runs_offload_paper1_rerun_offload2_20260320_084100/offload2_conc16_run3.json,offload2_conc16_run3.json,bench_runs_offload_paper1_rerun_offload2_20260320_084100,bench_runs_offload_paper1_rerun_offload2_20260320_084100,offload_paper1_rerun,llama31_8b_offload2,meta-llama/Llama-3.1-8B-Instruct,20260320-092825,2,16,3,20,1,256,64,0.0,inf,1.0,16,32.93119978499999,20,0,5100,1280,0.607326794364471,38.868914839326145,193.73724740226623,604.2429108499164,616.4496484998381,82.38603598648437,616.4496484998381,624.9814862998393,727.9214540597238,253.13177099603362,254.50741788889653,2.526739349961252,254.50741788889653,254.51071568333128,254.51073982237043,249.17646461562768,254.3354790000194,32.02983369240165,254.3354790000194,255.20405695006048,256.2480018504084,16551.544483600035,16650.25335649989,174.23749136309357,16650.25335649989,16651.925841800086,16651.971940359883
data/raw/baseline/llama/bench_runs_offload_paper1_rerun_offload2_20260320_084100/offload2_conc16_run4.json,offload2_conc16_run4.json,bench_runs_offload_paper1_rerun_offload2_20260320_084100,bench_runs_offload_paper1_rerun_offload2_20260320_084100,offload_paper1_rerun,llama31_8b_offload2,meta-llama/Llama-3.1-8B-Instruct,20260320-092912,2,16,4,20,1,256,64,0.0,inf,1.0,16,32.931592281999656,20,0,5100,1280,0.6073195559065622,38.86845157801998,193.73493833419332,605.3482522499053,616.5087250001307,82.71099101866892,616.5087250001307,625.4555517000427,732.0087175400201,253.1016872611086,254.48237988888334,2.5342673426301605,254.48237988888334,254.48335552777107,254.4842803754017,249.1468428124996,254.37467299934724,32.02884242271392,254.37467299934724,255.0552634500491,255.76612873042905,16550.75454969974,16648.63610349994,173.18312703665097,16648.63610349994,16650.55945894992,16650.824226990353
data/raw/baseline/llama/bench_runs_offload_paper1_rerun_offload2_20260320_084100/offload2_conc16_run5.json,offload2_conc16_run5.json,bench_runs_offload_paper1_rerun_offload2_20260320_084100,bench_runs_offload_paper1_rerun_offload2_20260320_084100,offload_paper1_rerun,llama31_8b_offload2,meta-llama/Llama-3.1-8B-Instruct,20260320-093000,2,16,5,20,1,256,64,0.0,inf,1.0,16,32.92512802800047,20,0,5100,1280,0.6074387921283534,38.87608269621462,193.77297468894471,605.5402578500889,617.2942475004675,82.68803077765871,617.2942475004675,626.198123299946,730.2471134600271,253.03207680872873,254.39499844444273,2.5029795649980926,254.39499844444273,254.39736901508508,254.39744331413144,249.07832285078157,254.33771999951205,32.01373306368781,254.33771999951205,255.01782149940482,256.06089402976977,16546.561096799996,16644.11795299975,172.50960664105423,16644.11795299975,16645.988905750026,16646.18344675008
data/raw/baseline/llama/bench_runs_offload_paper1_rerun_offload4_20260320_151626/offload4_conc1_run1.json,offload4_conc1_run1.json,bench_runs_offload_paper1_rerun_offload4_20260320_151626,bench_runs_offload_paper1_rerun_offload4_20260320_151626,offload_paper1_rerun,llama31_8b_offload4,meta-llama/Llama-3.1-8B-Instruct,20260320-152116,4,1,1,20,1,256,64,0.0,inf,1.0,1,269.5439068770029,20,0,5100,1280,0.07419941423170925,4.748762510829392,23.66961313991525,1254.9357481502739,1294.9326194993773,175.01254683561072,1294.9326194993773,1296.8298934014456,1296.9915362806933,194.0001165865079,193.99551839679978,0.01403672361135467,193.99551839679978,194.02790090162375,194.03070826919924,190.96862907108516,193.978267001512,24.059811817060787,193.978267001512,194.28351744973043,195.32226499006356,13476.943093100272,13517.361276000884,174.80041325816782,13517.361276000884,13518.644998901436,13518.776401380455
data/raw/baseline/llama/bench_runs_offload_paper1_rerun_offload4_20260320_151626/offload4_conc1_run2.json,offload4_conc1_run2.json,bench_runs_offload_paper1_rerun_offload4_20260320_151626,bench_runs_offload_paper1_rerun_offload4_20260320_151626,offload_paper1_rerun,llama31_8b_offload4,meta-llama/Llama-3.1-8B-Instruct,20260320-152551,4,1,2,20,1,256,64,0.0,inf,1.0,1,254.27973232600198,20,0,5100,1280,0.07865353568313023,5.033826283720335,25.09047788291854,492.2504366002613,491.75866800032964,1.8576230156145226,491.75866800032964,494.91347830244194,495.83553006097645,193.991822884917,193.96778027776378,0.07498444767431103,193.96778027776378,194.13297940714293,194.25066640841476,190.96055121952418,193.95927550067427,24.06560696416127,193.95927550067427,194.21731064867345,195.3589314979763,12713.735278350032,12712.147220001498,5.471953116061108,12712.147220001498,12722.047358450072,12732.008168492175
data/raw/baseline/llama/bench_runs_offload_paper1_rerun_offload4_20260320_151626/offload4_conc1_run3.json,offload4_conc1_run3.json,bench_runs_offload_paper1_rerun_offload4_20260320_151626,bench_runs_offload_paper1_rerun_offload4_20260320_151626,offload_paper1_rerun,llama31_8b_offload4,meta-llama/Llama-3.1-8B-Instruct,20260320-153025,4,1,3,20,1,256,64,0.0,inf,1.0,1,254.25736677699751,20,0,5100,1280,0.07866045437944567,5.034269080284523,25.09268494704317,492.689936449824,492.95870199784986,1.5919515192481875,492.95870199784986,495.22647069970844,495.3435365410405,193.9671077920658,193.96464301586556,0.010752642890272682,193.96464301586556,193.98569393333239,193.98972550412654,190.93620322969116,193.95742599954247,24.055976134067297,193.95742599954247,194.23394260084024,195.29539463856054,12712.61772734997,12712.830247501188,1.5759156425405945,12712.830247501188,12715.247734096738,12715.263741218187
data/raw/baseline/llama/bench_runs_offload_paper1_rerun_offload4_20260320_151626/offload4_conc1_run4.json,offload4_conc1_run4.json,bench_runs_offload_paper1_rerun_offload4_20260320_151626,bench_runs_offload_paper1_rerun_offload4_20260320_151626,offload_paper1_rerun,llama31_8b_offload4,meta-llama/Llama-3.1-8B-Instruct,20260320-153500,4,1,4,20,1,256,64,0.0,inf,1.0,1,254.2438651909979,20,0,5100,1280,0.0786646316322135,5.034536424461664,25.09401749067611,491.7583762002323,492.06794500059914,2.452279627876372,492.06794500059914,494.85678285182075,494.9789581699224,193.97116618254384,193.9691286428974,0.01270257399962304,193.9691286428974,193.98597783094866,194.00916346463563,190.94015163671827,193.95927600089635,24.056475029396474,193.95927600089635,194.24500139939482,195.29259671951877,12711.941845700494,12712.008720000085,2.24601259871893,12712.008720000085,12715.227547098402,12715.332048618511
data/raw/baseline/llama/bench_runs_offload_paper1_rerun_offload4_20260320_151626/offload4_conc1_run5.json,offload4_conc1_run5.json,bench_runs_offload_paper1_rerun_offload4_20260320_151626,bench_runs_offload_paper1_rerun_offload4_20260320_151626,offload_paper1_rerun,llama31_8b_offload4,meta-llama/Llama-3.1-8B-Instruct,20260320-153935,4,1,5,20,1,256,64,0.0,inf,1.0,1,254.24931308899977,20,0,5100,1280,0.07866294605483955,5.034428547509731,25.093479791493817,491.66913445023965,491.67305799892347,2.03359664163889,491.67305799892347,494.77308119985537,494.7768842397272,193.97663348016297,193.9727063651108,0.013662182029795477,193.9727063651108,194.00392711984404,194.0161222366788,190.9455093992193,193.95475150122365,24.05710613901115,193.95475150122365,194.27456999892456,195.2466705002371,12712.197043700507,12712.39638750012,1.764085830781695,12712.39638750012,12714.834730899383,12714.980147782262
data/raw/baseline/llama/bench_runs_offload_paper1_rerun_offload4_20260320_151626/offload4_conc2_run1.json,offload4_conc2_run1.json,bench_runs_offload_paper1_rerun_offload4_20260320_151626,bench_runs_offload_paper1_rerun_offload4_20260320_151626,offload_paper1_rerun,llama31_8b_offload4,meta-llama/Llama-3.1-8B-Instruct,20260320-154506,4,2,1,20,1,256,64,0.0,inf,1.0,2,311.39406827700077,20,0,5100,1280,0.06422729922462424,4.110547150375951,20.488508452655132,909.2842227999427,876.4030629990884,232.66687695703627,876.4030629990884,1165.052180598832,1165.3531497224685,479.5304973349226,480.17784299999124,3.338549608952238,480.17784299999124,484.8298579269982,484.83577516634665,472.0375759539053,484.8473029996967,70.90220366515156,484.8473029996967,485.8206278497164,486.2899995294356,31119.705554900065,31127.82528399839,67.23310292794397,31127.82528399839,31228.423206849402,31231.944375770545
data/raw/baseline/llama/bench_runs_offload_paper1_rerun_offload4_20260320_151626/offload4_conc2_run2.json,offload4_conc2_run2.json,bench_runs_offload_paper1_rerun_offload4_20260320_151626,bench_runs_offload_paper1_rerun_offload4_20260320_151626,offload_paper1_rerun,llama31_8b_offload4,meta-llama/Llama-3.1-8B-Instruct,20260320-155038,4,2,2,20,1,256,64,0.0,inf,1.0,2,311.39987478200055,20,0,5100,1280,0.06422610161292215,4.110470503227018,20.488126414522164,837.4742951998996,874.8475369993685,250.34452691719878,874.8475369993685,1163.9013419013281,1166.1355731798903,480.6799476627005,480.2233678968309,3.5637027323395185,480.2233678968309,484.96687295632984,484.96920440718117,473.1690795195391,484.847098501632,68.73041731549019,484.847098501632,485.87610024915193,486.4047454086176,31120.310997950037,31124.38345550072,77.59948852400257,31124.38345550072,31225.207349601442,31229.852037922574
data/raw/baseline/llama/bench_runs_offload_paper1_rerun_offload4_20260320_151626/offload4_conc2_run3.json,offload4_conc2_run3.json,bench_runs_offload_paper1_rerun_offload4_20260320_151626,bench_runs_offload_paper1_rerun_offload4_20260320_151626,offload_paper1_rerun,llama31_8b_offload4,meta-llama/Llama-3.1-8B-Instruct,20260320-155609,4,2,3,20,1,256,64,0.0,inf,1.0,2,311.1374191469986,20,0,5100,1280,0.06428027864610811,4.113937833350919,20.505408888108487,825.2033966489762,875.5784855002275,273.896594621529,875.5784855002275,1165.2218150993576,1168.1061838200549,480.45789089207415,480.24004334125954,3.7074500913214004,480.24004334125954,484.9586673206547,484.9608872926766,472.95052021719357,484.8403349988075,69.18015315600574,484.8403349988075,485.83423899945046,486.39755081170733,31094.050522849648,31125.327866999214,62.99035080914178,31125.327866999214,31138.737545949334,31216.035017188624
data/raw/baseline/llama/bench_runs_offload_paper1_rerun_offload4_20260320_151626/offload4_conc2_run4.json,offload4_conc2_run4.json,bench_runs_offload_paper1_rerun_offload4_20260320_151626,bench_runs_offload_paper1_rerun_offload4_20260320_151626,offload_paper1_rerun,llama31_8b_offload4,meta-llama/Llama-3.1-8B-Instruct,20260320-160141,4,2,4,20,1,256,64,0.0,inf,1.0,2,311.3963713999983,20,0,5100,1280,0.06422682419221057,4.110516748301476,20.488356917315173,981.1960851498952,929.7377254988533,188.62134105550675,929.7377254988533,1165.990892550144,1167.451134510302,478.3929112634954,480.12677228571044,2.6638353590390227,480.12677228571044,480.5406384381001,483.9075182019218,470.9178203945328,484.8420515008911,72.99019576618339,484.8420515008911,485.8280324999214,486.91073906935344,31119.949494750108,31128.141494000374,51.67148346352145,31128.141494000374,31140.58617069968,31214.58727493824
data/raw/baseline/llama/bench_runs_offload_paper1_rerun_offload4_20260320_151626/offload4_conc2_run5.json,offload4_conc2_run5.json,bench_runs_offload_paper1_rerun_offload4_20260320_151626,bench_runs_offload_paper1_rerun_offload4_20260320_151626,offload_paper1_rerun,llama31_8b_offload4,meta-llama/Llama-3.1-8B-Instruct,20260320-160713,4,2,5,20,1,256,64,0.0,inf,1.0,2,311.38936310499776,20,0,5100,1280,0.06422826971535368,4.110609261782636,20.488818039197827,982.3858564495822,928.3314304993837,189.47738195958385,928.3314304993837,1165.9381864978059,1167.2636797001178,478.36274144841497,480.09824470636164,2.6973420484292645,480.09824470636164,480.5630989364877,484.03843272694513,470.88807191797173,484.8009869983798,72.9864239796395,484.8009869983798,485.8419930000309,486.67125650914386,31119.238567699722,31127.708378000534,52.221785460368544,31127.708378000534,31137.394444448,31219.94711048872
data/raw/baseline/llama/bench_runs_offload_paper1_rerun_offload4_20260320_151626/offload4_conc4_run1.json,offload4_conc4_run1.json,bench_runs_offload_paper1_rerun_offload4_20260320_151626,bench_runs_offload_paper1_rerun_offload4_20260320_151626,offload_paper1_rerun,llama31_8b_offload4,meta-llama/Llama-3.1-8B-Instruct,20260320-161010,4,4,1,20,1,256,64,0.0,inf,1.0,4,156.67955213900132,20,0,5100,1280,0.12764907562574987,8.169540840047992,40.72005512461421,861.0750337000354,878.5908135014324,290.67057275620164,878.5908135014324,1459.5364724014871,1461.9868856783069,482.7964671111039,484.5971721825619,3.3930175623161714,484.5971721825619,484.7237901594896,484.7243366477408,475.2526103031187,484.6286489992053,64.08728896381636,484.6286489992053,485.73132035289746,487.0069168000555,31277.252461699572,31224.293389499508,136.27392715684664,31224.293389499508,31414.492228899508,31414.710605782202
data/raw/baseline/llama/bench_runs_offload_paper1_rerun_offload4_20260320_151626/offload4_conc4_run2.json,offload4_conc4_run2.json,bench_runs_offload_paper1_rerun_offload4_20260320_151626,bench_runs_offload_paper1_rerun_offload4_20260320_151626,offload_paper1_rerun,llama31_8b_offload4,meta-llama/Llama-3.1-8B-Instruct,20260320-161307,4,4,2,20,1,256,64,0.0,inf,1.0,4,156.5220399639984,20,0,5100,1280,0.12777753219035604,8.177762060182786,40.76103276872358,810.9837697500552,783.0024354989291,319.3902376464442,783.0024354989291,1460.83440724924,1461.4052622524105,483.0939822841232,484.6819102698473,3.341066238140522,484.6819102698473,484.7968306468136,484.7996556150738,475.5454538929712,484.6636204983952,63.62288363936415,484.6636204983952,485.82324535127555,487.1804707703268,31245.904653649814,31228.442037499917,170.69783464359935,31228.442037499917,31421.08708810083,31421.17836561978
data/raw/baseline/llama/bench_runs_offload_paper1_rerun_offload4_20260320_151626/offload4_conc4_run3.json,offload4_conc4_run3.json,bench_runs_offload_paper1_rerun_offload4_20260320_151626,bench_runs_offload_paper1_rerun_offload4_20260320_151626,offload_paper1_rerun,llama31_8b_offload4,meta-llama/Llama-3.1-8B-Instruct,20260320-161604,4,4,3,20,1,256,64,0.0,inf,1.0,4,156.89520180399995,20,0,5100,1280,0.12747362424113412,8.158311951432584,40.66408613292179,915.4291090504557,878.2800845019665,306.0587493370587,878.2800845019665,1461.6279947467774,1461.917642150911,482.620474812693,484.69793322219056,3.730352675006878,484.69793322219056,484.82651718334506,484.8265742557095,475.0793691078144,484.6872785001324,64.5782436419554,484.6872785001324,485.642041898609,487.08123440916097,31320.51902225012,31413.823170501928,137.76498844292914,31413.823170501928,31418.315396751677,31418.508448150205
data/raw/baseline/llama/bench_runs_offload_paper1_rerun_offload4_20260320_151626/offload4_conc4_run4.json,offload4_conc4_run4.json,bench_runs_offload_paper1_rerun_offload4_20260320_151626,bench_runs_offload_paper1_rerun_offload4_20260320_151626,offload_paper1_rerun,llama31_8b_offload4,meta-llama/Llama-3.1-8B-Instruct,20260320-161904,4,4,4,20,1,256,64,0.0,inf,1.0,4,159.51496207299715,20,0,5100,1280,0.12538008811266,8.02432563921024,39.99624810793854,1267.6319626503755,1455.8915460002027,317.1756306687682,1455.8915460002027,1465.8054617986636,1465.9616691600968,484.7336660238123,484.7283286746085,0.113200795178555,484.7283286746085,484.9423955754266,484.944597464317,477.15952817422647,484.7230045015749,60.121951718263,484.7230045015749,485.74636915054725,487.3378686414799,31805.852922150552,31992.621166498793,317.03947399464647,31992.621166498793,32007.75161315105,32007.822310632328
data/raw/baseline/llama/bench_runs_offload_paper1_rerun_offload4_20260320_151626/offload4_conc4_run5.json,offload4_conc4_run5.json,bench_runs_offload_paper1_rerun_offload4_20260320_151626,bench_runs_offload_paper1_rerun_offload4_20260320_151626,offload_paper1_rerun,llama31_8b_offload4,meta-llama/Llama-3.1-8B-Instruct,20260320-162204,4,4,5,20,1,256,64,0.0,inf,1.0,4,159.50412637200134,20,0,5100,1280,0.12538860564243504,8.024870761115842,39.998965199936784,1266.1739286999364,1454.8745329993835,317.4881996743842,1454.8745329993835,1464.272032250301,1464.4380048511084,484.72029843015895,484.71783533337685,0.0694051505974868,484.71783533337685,484.8367098991759,484.84287667192325,477.1463565101499,484.7199619980529,60.11975650810031,484.7199619980529,485.7661278507294,486.58494820207125,31803.552729799958,31993.857740999374,317.8716997266,31993.857740999374,31998.066729801394,31998.068809158758
data/raw/baseline/llama/bench_runs_offload_paper1_rerun_offload4_20260320_151626/offload4_conc8_run1.json,offload4_conc8_run1.json,bench_runs_offload_paper1_rerun_offload4_20260320_151626,bench_runs_offload_paper1_rerun_offload4_20260320_151626,offload_paper1_rerun,llama31_8b_offload4,meta-llama/Llama-3.1-8B-Instruct,20260320-162400,4,8,1,20,1,256,64,0.0,inf,1.0,8,95.53861222299747,20,0,5100,1280,0.2093394443842018,13.397724440588915,66.77928275856037,1167.0600018998812,1175.2170244999434,176.4236044434277,1175.2170244999434,1457.06847514939,1461.0673998301718,486.6248543992119,487.9591859523879,2.2436170954690224,487.9591859523879,488.00308486510374,488.0031354111166,479.02119258515654,487.78920699987793,62.02851330810089,487.78920699987793,488.8290825023432,489.7989346993927,31824.425829050233,31899.99095500025,216.105923723611,31899.99095500025,31928.921799599448,31929.26371751859
data/raw/baseline/llama/bench_runs_offload_paper1_rerun_offload4_20260320_151626/offload4_conc8_run2.json,offload4_conc8_run2.json,bench_runs_offload_paper1_rerun_offload4_20260320_151626,bench_runs_offload_paper1_rerun_offload4_20260320_151626,offload_paper1_rerun,llama31_8b_offload4,meta-llama/Llama-3.1-8B-Instruct,20260320-162556,4,8,2,20,1,256,64,0.0,inf,1.0,8,95.54004677100238,20,0,5100,1280,0.2093363011213247,13.397523271764781,66.77828005770257,1168.7059858000794,1172.378277999087,176.0330040942607,1172.378277999087,1457.5031914006104,1460.767154279456,486.6063784396799,487.9225975714473,2.207744794164789,487.9225975714473,487.9502284293353,487.9504400350336,479.00298783281414,487.70556800081977,62.0286190682861,487.70556800081977,489.05857799945807,489.55155569987255,31824.90782749992,31898.39078300065,216.05085444072833,31898.39078300065,31930.604607499117,31930.90920789822
data/raw/baseline/llama/bench_runs_offload_paper1_rerun_offload4_20260320_151626/offload4_conc8_run3.json,offload4_conc8_run3.json,bench_runs_offload_paper1_rerun_offload4_20260320_151626,bench_runs_offload_paper1_rerun_offload4_20260320_151626,offload_paper1_rerun,llama31_8b_offload4,meta-llama/Llama-3.1-8B-Instruct,20260320-162751,4,8,3,20,1,256,64,0.0,inf,1.0,8,95.52192160699997,20,0,5100,1280,0.2093760224201182,13.400065434887566,66.79095115201771,1164.8174762000053,1169.2759320012556,176.65028996047369,1169.2759320012556,1450.1670405476034,1459.779361708861,486.58060388174596,487.8160816031538,2.2200839823113685,487.8160816031538,488.0253095238033,488.02549168255996,478.9776572164044,487.75003149967233,62.02836987537902,487.75003149967233,488.85838859841897,489.4321030113497,31819.395520750004,31892.17770399955,216.2953868189282,31892.17770399955,31926.98342440326,31927.200942480522
data/raw/baseline/llama/bench_runs_offload_paper1_rerun_offload4_20260320_151626/offload4_conc8_run4.json,offload4_conc8_run4.json,bench_runs_offload_paper1_rerun_offload4_20260320_151626,bench_runs_offload_paper1_rerun_offload4_20260320_151626,offload_paper1_rerun,llama31_8b_offload4,meta-llama/Llama-3.1-8B-Instruct,20260320-162947,4,8,4,20,1,256,64,0.0,inf,1.0,8,95.5466715069997,20,0,5100,1280,0.20932178677239227,13.396594353433105,66.77364998039313,1166.1802632997933,1171.8848799991974,176.4642401831132,1171.8848799991974,1457.4730792495757,1460.4745814484704,486.71111990634734,488.02107176189094,2.2877985783368953,488.02107176189094,488.17744613573717,488.1776566557216,479.106090536726,487.7827090003848,62.04568692505236,487.7827090003848,489.43183945084456,490.0993910096804,31828.98081739968,31899.472226497892,216.56334610310387,31899.472226497892,31943.114604952643,31943.39378258861
data/raw/baseline/llama/bench_runs_offload_paper1_rerun_offload4_20260320_151626/offload4_conc8_run5.json,offload4_conc8_run5.json,bench_runs_offload_paper1_rerun_offload4_20260320_151626,bench_runs_offload_paper1_rerun_offload4_20260320_151626,offload_paper1_rerun,llama31_8b_offload4,meta-llama/Llama-3.1-8B-Instruct,20260320-163143,4,8,5,20,1,256,64,0.0,inf,1.0,8,95.54404762100239,20,0,5100,1280,0.20932753528858894,13.396962258469692,66.77548375705987,1168.7422693503322,1170.5113939988223,176.3288090251655,1170.5113939988223,1460.3014396025173,1461.0177487202236,486.61738787141644,487.895641365073,2.1837172054293488,487.895641365073,487.96284379444955,487.96320378113285,479.0138409726495,487.7804080006172,62.030126024018465,487.7804080006172,488.76774384989403,489.7790969906782,31825.637705249574,31898.541836499135,214.827440936123,31898.541836499135,31929.862528698686,31930.318326539673
data/raw/baseline/llama/bench_runs_offload_paper1_rerun_offload4_20260320_151626/offload4_conc12_run1.json,offload4_conc12_run1.json,bench_runs_offload_paper1_rerun_offload4_20260320_151626,bench_runs_offload_paper1_rerun_offload4_20260320_151626,offload_paper1_rerun,llama31_8b_offload4,meta-llama/Llama-3.1-8B-Instruct,20260320-163308,4,12,1,20,1,256,64,0.0,inf,1.0,12,64.13167742300357,20,0,5100,1280,0.31185836397327954,19.95893529428989,99.48281810747618,1092.5727632000417,1073.8153595011681,161.91280538728438,1073.8153595011681,1170.134197301377,1411.0799354601472,491.38988038651564,494.6230834047749,3.7198667428024805,494.6230834047749,494.6310013420612,494.63111294144744,483.71179782343745,493.90800350010977,62.24654380522265,493.90800350010977,495.2990369996769,496.6477310130358,32050.135227550527,32233.688365498892,246.38299988178917,32233.688365498892,32235.3995447027,32235.846237741825
data/raw/baseline/llama/bench_runs_offload_paper1_rerun_offload4_20260320_151626/offload4_conc12_run2.json,offload4_conc12_run2.json,bench_runs_offload_paper1_rerun_offload4_20260320_151626,bench_runs_offload_paper1_rerun_offload4_20260320_151626,offload_paper1_rerun,llama31_8b_offload4,meta-llama/Llama-3.1-8B-Instruct,20260320-163432,4,12,2,20,1,256,64,0.0,inf,1.0,12,64.14153965099831,20,0,5100,1280,0.3118104134827814,19.95586646289801,99.46752190100726,1095.2263257498998,1075.7248379995872,161.6196160371951,1075.7248379995872,1174.0629052983425,1411.4125818603493,491.4085994396835,494.5995762936657,3.6751205386705648,494.5995762936657,494.60746152381324,494.60787120001606,483.7302155132818,494.0427625006123,62.24743741586853,494.0427625006123,495.16708654955437,496.16771380948194,32053.968090449962,32233.76080700109,243.69852234064467,32233.76080700109,32236.178653502066,32236.490762701942
data/raw/baseline/llama/bench_runs_offload_paper1_rerun_offload4_20260320_151626/offload4_conc12_run3.json,offload4_conc12_run3.json,bench_runs_offload_paper1_rerun_offload4_20260320_151626,bench_runs_offload_paper1_rerun_offload4_20260320_151626,offload_paper1_rerun,llama31_8b_offload4,meta-llama/Llama-3.1-8B-Instruct,20260320-163557,4,12,3,20,1,256,64,0.0,inf,1.0,12,64.14491429700138,20,0,5100,1280,0.3117940092241257,19.954816590344045,99.4622889424961,1094.7148010000092,1074.4916749990807,162.19979255046607,1074.4916749990807,1174.61445524732,1412.8963166502576,491.46112310079354,494.71822445238575,3.742036103185436,494.71822445238575,494.7233955706531,494.7279381871276,483.78192684530745,494.0295710002829,62.25791577769523,494.0295710002829,495.49523149689776,496.2805143590231,32056.76555635,32240.01856400173,245.88970282094053,32240.01856400173,32242.279034651077,32242.376567729876
data/raw/baseline/llama/bench_runs_offload_paper1_rerun_offload4_20260320_151626/offload4_conc12_run4.json,offload4_conc12_run4.json,bench_runs_offload_paper1_rerun_offload4_20260320_151626,bench_runs_offload_paper1_rerun_offload4_20260320_151626,offload_paper1_rerun,llama31_8b_offload4,meta-llama/Llama-3.1-8B-Instruct,20260320-163721,4,12,4,20,1,256,64,0.0,inf,1.0,12,64.13297086400053,20,0,5100,1280,0.3118520743785863,19.958532760229524,99.48081172676903,1094.3358596498,1073.2160129973636,163.03315244279153,1073.2160129973636,1175.774651700158,1412.240393542124,491.3603354515904,494.58638430157396,3.7118741754126825,494.58638430157396,494.5948306198723,494.5948634445998,483.68268375390926,493.9920130000246,62.239440244398146,493.9920130000246,495.25224854860426,496.31297219912085,32050.036993100002,32230.661842999325,243.91612612849747,32230.661842999325,32232.631029149525,32232.694567427716
data/raw/baseline/llama/bench_runs_offload_paper1_rerun_offload4_20260320_151626/offload4_conc12_run5.json,offload4_conc12_run5.json,bench_runs_offload_paper1_rerun_offload4_20260320_151626,bench_runs_offload_paper1_rerun_offload4_20260320_151626,offload_paper1_rerun,llama31_8b_offload4,meta-llama/Llama-3.1-8B-Instruct,20260320-163846,4,12,5,20,1,256,64,0.0,inf,1.0,12,64.12949653100077,20,0,5100,1280,0.31186896953622306,19.959614050318276,99.48620128205515,1095.5179370497717,1076.6107159997773,161.73962177833198,1076.6107159997773,1173.5930731485498,1411.988841828897,491.3406604000037,494.63990576190383,3.7898936594849375,494.63990576190383,494.64521610318604,494.6452639952807,483.6633203921849,493.947508999554,62.24706036944959,493.947508999554,495.58270589914173,496.96322344963846,32049.97954225,32237.300850500105,248.35980721590528,32237.300850500105,32239.332816000024,32239.650146402055
data/raw/baseline/llama/bench_runs_offload_paper1_rerun_offload4_20260320_151626/offload4_conc16_run1.json,offload4_conc16_run1.json,bench_runs_offload_paper1_rerun_offload4_20260320_151626,bench_runs_offload_paper1_rerun_offload4_20260320_151626,offload_paper1_rerun,llama31_8b_offload4,meta-llama/Llama-3.1-8B-Instruct,20260320-164010,4,16,1,20,1,256,64,0.0,inf,1.0,16,64.04286626500107,20,0,5100,1280,0.3122908321629859,19.9866132584311,99.6207754599925,1143.203633300982,1157.9320194996399,160.8748614095645,1157.9320194996399,1187.8441547989498,1416.6674901606161,492.3288046936496,494.860434523804,4.621384949200093,494.860434523804,494.8612867484212,494.86246635284925,484.6360538812519,494.6905959986907,62.34251187456683,494.6905959986907,495.6826880505105,496.56180484995275,32159.918329000902,32333.264854001754,309.99400945713984,32333.264854001754,32334.982460200266,32335.440378440253
data/raw/baseline/llama/bench_runs_offload_paper1_rerun_offload4_20260320_151626/offload4_conc16_run2.json,offload4_conc16_run2.json,bench_runs_offload_paper1_rerun_offload4_20260320_151626,bench_runs_offload_paper1_rerun_offload4_20260320_151626,offload_paper1_rerun,llama31_8b_offload4,meta-llama/Llama-3.1-8B-Instruct,20260320-164134,4,16,2,20,1,256,64,0.0,inf,1.0,16,64.03444072300044,20,0,5100,1280,0.31233192285563643,19.989243062760732,99.63388339094803,1139.1770602996985,1153.3462110019173,161.06108989016062,1153.3462110019173,1185.4887819523358,1414.2765515896094,492.2670942468228,494.763824634916,4.552874423081861,494.763824634916,494.76432407222643,494.76459177319487,484.5753056531265,494.72261749906465,62.333350064604794,494.72261749906465,495.7091836991822,496.7670927992367,32152.003997849533,32322.88563849943,306.03019092280357,32322.88563849943,32324.410318800255,32324.57417175963
data/raw/baseline/llama/bench_runs_offload_paper1_rerun_offload4_20260320_151626/offload4_conc16_run3.json,offload4_conc16_run3.json,bench_runs_offload_paper1_rerun_offload4_20260320_151626,bench_runs_offload_paper1_rerun_offload4_20260320_151626,offload_paper1_rerun,llama31_8b_offload4,meta-llama/Llama-3.1-8B-Instruct,20260320-164259,4,16,3,20,1,256,64,0.0,inf,1.0,16,64.0437210630007,20,0,5100,1280,0.312286663985775,19.9863464950896,99.61944581146221,1139.4534517996362,1153.4863674987719,161.3989744410519,1153.4863674987719,1186.9619892519042,1416.6760666497062,492.451514815083,495.02783655554504,4.70912893410269,495.02783655554504,495.03226084131694,495.03237037776364,484.75682795547357,494.8394705006649,62.37018842155891,494.8394705006649,496.4536275476348,497.2246410083244,32163.89888514986,32339.566419499533,313.0573758511384,32339.566419499533,32341.20156614972,32341.294562028816
data/raw/baseline/llama/bench_runs_offload_paper1_rerun_offload4_20260320_151626/offload4_conc16_run4.json,offload4_conc16_run4.json,bench_runs_offload_paper1_rerun_offload4_20260320_151626,bench_runs_offload_paper1_rerun_offload4_20260320_151626,offload_paper1_rerun,llama31_8b_offload4,meta-llama/Llama-3.1-8B-Instruct,20260320-164423,4,16,4,20,1,256,64,0.0,inf,1.0,16,64.038117185999,20,0,5100,1280,0.312313991710748,19.98809546948787,99.6281633557286,1142.0019253502687,1156.8907355012925,161.37654407989763,1156.8907355012925,1186.9027519001977,1415.7372759803543,492.3048652642844,494.8292085872896,4.609758157689629,494.8292085872896,494.8317049126773,494.8317979222159,484.6124852499969,494.62513550133735,62.33692194274691,494.62513550133735,495.86636549702234,496.80585780082765,32157.208437000194,32330.14496750002,309.49452435230484,32330.14496750002,32332.150117951278,32332.74191398934
data/raw/baseline/llama/bench_runs_offload_paper1_rerun_offload4_20260320_151626/offload4_conc16_run5.json,offload4_conc16_run5.json,bench_runs_offload_paper1_rerun_offload4_20260320_151626,bench_runs_offload_paper1_rerun_offload4_20260320_151626,offload_paper1_rerun,llama31_8b_offload4,meta-llama/Llama-3.1-8B-Instruct,20260320-164547,4,16,5,20,1,256,64,0.0,inf,1.0,16,64.0290642660002,20,0,5100,1280,0.3123581490573198,19.990921539668467,99.64224954928501,1140.4701579005632,1155.6034134991933,160.22318790582293,1155.6034134991933,1183.246699402662,1410.4231542807245,492.27516350873066,494.8047364047693,4.618670725620695,494.8047364047693,494.80536880157507,494.80547387460985,484.5832500695309,494.71558300319884,62.33846947292541,494.71558300319884,495.79629825038865,497.54147159117565,32153.805458950592,32327.472812499764,310.2569513914699,32327.472812499764,32329.340459052033,32329.67703340997
data/raw/baseline/llama/bench_runs_offload_paper1_rerun_offload8_20260320_093921/offload8_conc1_run1.json,offload8_conc1_run1.json,bench_runs_offload_paper1_rerun_offload8_20260320_093921,bench_runs_offload_paper1_rerun_offload8_20260320_093921,offload_paper1_rerun,llama31_8b_offload8,meta-llama/Llama-3.1-8B-Instruct,20260320-094820,8,1,1,20,1,256,64,0.0,inf,1.0,1,506.296606334,20,0,5100,1280,0.03950253616119669,2.5281623143165883,12.601309035421744,2380.9240228000817,2455.9524115002205,327.77028278440207,2455.9524115002205,2457.875392350161,2458.733863269572,364.0262294960322,364.0125000079385,0.07089681347309283,364.0125000079385,364.05508703889166,364.27488349032876,358.3381353773433,363.96801350019814,45.15021490999857,363.96801350019814,364.4468361498184,365.78046526021353,25314.576481050106,25388.454799500323,328.20437217690164,25388.454799500323,25393.33000155002,25406.512164310225
data/raw/baseline/llama/bench_runs_offload_paper1_rerun_offload8_20260320_093921/offload8_conc1_run2.json,offload8_conc1_run2.json,bench_runs_offload_paper1_rerun_offload8_20260320_093921,bench_runs_offload_paper1_rerun_offload8_20260320_093921,offload_paper1_rerun,llama31_8b_offload8,meta-llama/Llama-3.1-8B-Instruct,20260320-095649,8,1,2,20,1,256,64,0.0,inf,1.0,1,477.7224880800004,20,0,5100,1280,0.04186530987976174,2.6793798323047513,13.355033851643995,950.9896266999476,950.6118509993939,2.0588057811223046,950.6118509993939,954.9551795501884,955.9913415098617,364.0456968746021,364.02824426190745,0.09463329674042717,364.02824426190745,364.0855012420594,364.37888518809297,358.35725171718593,363.9857190000839,45.1510911692551,363.9857190000839,364.57335375034745,365.8487848898949,23885.86852979988,23884.829815999638,5.8610537201956285,23884.829815999638,23889.332873400235,23905.972714679774
data/raw/baseline/llama/bench_runs_offload_paper1_rerun_offload8_20260320_093921/offload8_conc1_run3.json,offload8_conc1_run3.json,bench_runs_offload_paper1_rerun_offload8_20260320_093921,bench_runs_offload_paper1_rerun_offload8_20260320_093921,offload_paper1_rerun,llama31_8b_offload8,meta-llama/Llama-3.1-8B-Instruct,20260320-100518,8,1,3,20,1,256,64,0.0,inf,1.0,1,477.70184528700065,20,0,5100,1280,0.041867118993405,2.67949561557792,13.355610958896193,950.9727969998494,950.9563880001224,2.3440280741322392,950.9563880001224,953.4578793500259,957.6293726706353,364.0295292492067,364.02952370635546,0.022320426594556755,364.02952370635546,364.06101939364885,364.06222979619207,358.3413571437511,363.99019549935474,45.14740907816019,363.99019549935474,364.4377000494387,365.9885098311224,23884.83313969987,23884.36371499938,2.993135682323211,23884.36371499938,23889.285105699855,23893.274523539912
data/raw/baseline/llama/bench_runs_offload_paper1_rerun_offload8_20260320_093921/offload8_conc1_run4.json,offload8_conc1_run4.json,bench_runs_offload_paper1_rerun_offload8_20260320_093921,bench_runs_offload_paper1_rerun_offload8_20260320_093921,offload_paper1_rerun,llama31_8b_offload8,meta-llama/Llama-3.1-8B-Instruct,20260320-101348,8,1,4,20,1,256,64,0.0,inf,1.0,1,477.70092030399974,20,0,5100,1280,0.041867200061646064,2.679500803945348,13.355636819665095,951.1386913500246,951.0853310002858,1.7757795127983897,951.0853310002858,953.5096469006021,955.3786373805997,364.0259452912702,364.02502835713557,0.015106506737923518,364.02502835713557,364.05158136744757,364.0567117655473,358.33785835000356,363.98760249903717,45.14669169591237,363.98760249903717,364.4136851492476,365.7323782491949,23884.773244700045,23884.253012499357,1.9356631224141765,23884.253012499357,23887.925005750003,23889.393048350612
data/raw/baseline/llama/bench_runs_offload_paper1_rerun_offload8_20260320_093921/offload8_conc1_run5.json,offload8_conc1_run5.json,bench_runs_offload_paper1_rerun_offload8_20260320_093921,bench_runs_offload_paper1_rerun_offload8_20260320_093921,offload_paper1_rerun,llama31_8b_offload8,meta-llama/Llama-3.1-8B-Instruct,20260320-102217,8,1,5,20,1,256,64,0.0,inf,1.0,1,477.69648554000014,20,0,5100,1280,0.04186758874181688,2.6795256794762805,13.355760808639586,950.6411357499019,950.737504999779,2.202159106106613,950.737504999779,952.9601722986627,956.7652536603053,364.0304627547627,364.0302863492136,0.01114940911752235,364.0302863492136,364.0478630142781,364.05483882508435,358.3422720054699,363.98930699942866,45.147141623126835,363.98930699942866,364.5217886496539,365.62917354009187,23884.560289299952,23884.59082999998,2.130513946652839,23884.59082999998,23886.67072834969,23890.439132869706
data/raw/baseline/llama/bench_runs_offload_paper1_rerun_offload8_20260320_093921/offload8_conc2_run1.json,offload8_conc2_run1.json,bench_runs_offload_paper1_rerun_offload8_20260320_093921,bench_runs_offload_paper1_rerun_offload8_20260320_093921,offload_paper1_rerun,llama31_8b_offload8,meta-llama/Llama-3.1-8B-Instruct,20260320-103253,8,2,1,20,1,256,64,0.0,inf,1.0,2,604.1460502900009,20,0,5100,1280,0.033104577925155095,2.118692987209926,10.560360358124473,1003.1666558000325,956.2246429995866,205.0519852671761,956.2246429995866,1007.343951649728,1718.9766647295426,942.7468306761903,943.2083689206347,1.9853531072018824,943.2083689206347,943.2707229277762,943.3115236966585,928.0162009437532,943.1987875004779,118.04185037800742,943.1987875004779,944.5184734998293,945.7577990003483,60396.21698840001,60377.95712250045,80.08526357590681,60377.95712250045,60400.55696394948,60676.12510478959
data/raw/baseline/llama/bench_runs_offload_paper1_rerun_offload8_20260320_093921/offload8_conc2_run2.json,offload8_conc2_run2.json,bench_runs_offload_paper1_rerun_offload8_20260320_093921,bench_runs_offload_paper1_rerun_offload8_20260320_093921,offload_paper1_rerun,llama31_8b_offload8,meta-llama/Llama-3.1-8B-Instruct,20260320-104330,8,2,2,20,1,256,64,0.0,inf,1.0,2,605.4147965389984,20,0,5100,1280,0.033035201839028194,2.1142529176978044,10.538229386649993,1889.8856271001023,1787.5419440006226,371.2871683984964,1787.5419440006226,2252.0302526994783,2252.556730539509,930.3946368142851,933.9043140793625,5.349680196842075,933.9043140793625,934.6544699515887,941.522565088711,915.8569643304702,943.2007225004782,143.12914020798036,943.2007225004782,944.556661500792,945.350877100409,60504.74774640006,60519.80699200067,102.40325471549976,60519.80699200067,60538.58361899911,60705.25695419987
data/raw/baseline/llama/bench_runs_offload_paper1_rerun_offload8_20260320_093921/offload8_conc2_run3.json,offload8_conc2_run3.json,bench_runs_offload_paper1_rerun_offload8_20260320_093921,bench_runs_offload_paper1_rerun_offload8_20260320_093921,offload_paper1_rerun,llama31_8b_offload8,meta-llama/Llama-3.1-8B-Instruct,20260320-105407,8,2,3,20,1,256,64,0.0,inf,1.0,2,605.2705413490003,20,0,5100,1280,0.033043075176639,2.114756811304896,10.540740981347842,1789.8029952995785,1674.2086699996435,454.16177056653265,1674.2086699996435,2253.6089971485126,2254.1774946296573,931.7549885095276,933.972005928563,6.417853274416121,933.972005928563,943.1989528920778,943.3190995307958,917.1960874718807,943.185398499736,140.6178505978943,943.185398499736,944.6353384508257,945.4988191105986,60490.367271399824,60515.12554550027,108.22615637009353,60515.12554550027,60535.63222344892,60707.949629489594
data/raw/baseline/llama/bench_runs_offload_paper1_rerun_offload8_20260320_093921/offload8_conc2_run4.json,offload8_conc2_run4.json,bench_runs_offload_paper1_rerun_offload8_20260320_093921,bench_runs_offload_paper1_rerun_offload8_20260320_093921,offload_paper1_rerun,llama31_8b_offload8,meta-llama/Llama-3.1-8B-Instruct,20260320-110443,8,2,4,20,1,256,64,0.0,inf,1.0,2,604.8679186569989,20,0,5100,1280,0.033065069882374364,2.1161644724719593,10.547757292477423,1488.4765965500264,1492.931195500205,539.4633872124393,1492.931195500205,2254.0945413009467,2257.310227460912,935.8988467738122,934.1716431031778,7.5102046670700515,934.1716431031778,943.3469937508129,943.3678571501688,921.2751848117222,943.2039735002036,132.70267160994698,943.2039735002036,944.625362250008,945.7539023612117,60450.1039433002,60448.096397500194,114.57967049853879,60448.096397500194,60534.891693251026,60706.591702650316
data/raw/baseline/llama/bench_runs_offload_paper1_rerun_offload8_20260320_093921/offload8_conc2_run5.json,offload8_conc2_run5.json,bench_runs_offload_paper1_rerun_offload8_20260320_093921,bench_runs_offload_paper1_rerun_offload8_20260320_093921,offload_paper1_rerun,llama31_8b_offload8,meta-llama/Llama-3.1-8B-Instruct,20260320-111520,8,2,5,20,1,256,64,0.0,inf,1.0,2,605.2633304760002,20,0,5100,1280,0.03304346883904449,2.1147820056988476,10.540866559655193,1790.0181341000462,1676.0433440013003,455.03039020814975,1676.0433440013003,2252.6761084994178,2252.955279299258,931.7407208444474,933.9835028730026,6.409095517310701,933.9835028730026,943.236066248409,943.2381591798502,917.1820570132837,943.1631464995007,140.60870831403554,943.1631464995007,944.6643531990048,945.3779376901184,60489.68354730023,60517.36613600042,106.6062717463858,60517.36613600042,60537.51906910002,60699.81292101926
data/raw/baseline/llama/bench_runs_offload_paper1_rerun_offload8_20260320_093921/offload8_conc4_run1.json,offload8_conc4_run1.json,bench_runs_offload_paper1_rerun_offload8_20260320_093921,bench_runs_offload_paper1_rerun_offload8_20260320_093921,offload_paper1_rerun,llama31_8b_offload8,meta-llama/Llama-3.1-8B-Instruct,20260320-112057,8,4,1,20,1,256,64,0.0,inf,1.0,4,305.62402719999955,20,0,5100,1280,0.06543988109584085,4.188152390133815,20.87532206957323,1638.182897149909,1898.587988500367,637.8823899217779,1898.587988500367,2298.572212649197,2722.745565730037,942.7314888031771,943.6666357539672,2.6830346812307875,943.6666357539672,943.7334085341284,943.7743328814331,928.0011096398439,943.7154144998203,119.15260414610968,943.7154144998203,945.0056770002448,945.6798290993356,61030.26669175006,61064.715557000454,595.0708945414495,61064.715557000454,61719.748953200266,61721.52788824084
data/raw/baseline/llama/bench_runs_offload_paper1_rerun_offload8_20260320_093921/offload8_conc4_run2.json,offload8_conc4_run2.json,bench_runs_offload_paper1_rerun_offload8_20260320_093921,bench_runs_offload_paper1_rerun_offload8_20260320_093921,offload_paper1_rerun,llama31_8b_offload8,meta-llama/Llama-3.1-8B-Instruct,20260320-112634,8,4,2,20,1,256,64,0.0,inf,1.0,4,305.3220073020002,20,0,5100,1280,0.06550461323352166,4.1922952469453865,20.89597162149341,1760.977331149843,1676.6093494989036,601.8252289471694,1676.6093494989036,2842.19703894978,2842.741806190279,939.5848775555595,943.7618748015955,7.412579418200595,943.7618748015955,943.8869858539831,943.8903223263644,924.9037005484425,943.6989900004846,126.1817878336494,943.6989900004846,945.1684975500029,947.8744349995577,60954.824617150094,61133.56022700009,271.3495122122009,61133.56022700009,61141.32172365089,61141.76403833035
data/raw/baseline/llama/bench_runs_offload_paper1_rerun_offload8_20260320_093921/offload8_conc4_run3.json,offload8_conc4_run3.json,bench_runs_offload_paper1_rerun_offload8_20260320_093921,bench_runs_offload_paper1_rerun_offload8_20260320_093921,offload_paper1_rerun,llama31_8b_offload8,meta-llama/Llama-3.1-8B-Instruct,20260320-113216,8,4,3,20,1,256,64,0.0,inf,1.0,4,310.5105668519991,20,0,5100,1280,0.06441004634000988,4.122242965760632,20.546804782463155,2462.1522680498856,2832.5553879994914,622.3993958529758,2832.5553879994914,2851.921852349642,2852.146133669685,943.6684962587287,943.6401897381018,0.1845837283900546,943.6401897381018,944.0473087214496,944.0519846395171,928.9234476406264,943.5963530004301,117.04002987797806,943.5963530004301,945.1831107500766,946.7829851106035,61913.2675323498,62277.29420000105,624.9681320941763,62277.29420000105,62311.31318559874,62311.692343519426
data/raw/baseline/llama/bench_runs_offload_paper1_rerun_offload8_20260320_093921/offload8_conc4_run4.json,offload8_conc4_run4.json,bench_runs_offload_paper1_rerun_offload8_20260320_093921,bench_runs_offload_paper1_rerun_offload8_20260320_093921,offload_paper1_rerun,llama31_8b_offload8,meta-llama/Llama-3.1-8B-Instruct,20260320-113754,8,4,4,20,1,256,64,0.0,inf,1.0,4,306.88812512299955,20,0,5100,1280,0.06517032873782287,4.170901039220664,20.789334867365497,1922.5354375002098,2261.6130445003364,604.6677235963573,2261.6130445003364,2824.3079670000952,2824.8380366001584,942.2287811277739,943.5563443174552,3.1760588019691913,943.5563443174552,943.682641038101,943.6869762711098,927.5062697117207,943.58859499971,120.18676613805012,943.58859499971,944.8555095500524,945.9940824106707,61282.94864854997,61696.710554000674,551.2014449358823,61696.710554000674,61719.04499564998,61719.130824729524
data/raw/baseline/llama/bench_runs_offload_paper1_rerun_offload8_20260320_093921/offload8_conc4_run5.json,offload8_conc4_run5.json,bench_runs_offload_paper1_rerun_offload8_20260320_093921,bench_runs_offload_paper1_rerun_offload8_20260320_093921,offload_paper1_rerun,llama31_8b_offload8,meta-llama/Llama-3.1-8B-Instruct,20260320-114334,8,4,5,20,1,256,64,0.0,inf,1.0,4,308.170380906,20,0,5100,1280,0.06489916370678246,4.1535464772340775,20.702833222463603,2209.721165800056,2265.2402960011386,396.3312257063716,2265.2402960011386,2828.816509799617,2829.7097803590805,941.7406140634943,943.5117994523772,3.6003943607876194,943.5117994523772,943.5905928730372,943.6560708539783,927.0257156124998,943.5114485004306,121.21493901771152,943.5114485004306,945.0097554496097,945.738627500541,61539.379851800186,61704.58943700032,347.45147017944845,61704.58943700032,61709.049210349986,61709.220200470954
data/raw/baseline/llama/bench_runs_offload_paper1_rerun_offload8_20260320_093921/offload8_conc8_run1.json,offload8_conc8_run1.json,bench_runs_offload_paper1_rerun_offload8_20260320_093921,bench_runs_offload_paper1_rerun_offload8_20260320_093921,offload_paper1_rerun,llama31_8b_offload8,meta-llama/Llama-3.1-8B-Instruct,20260320-114711,8,8,1,20,1,256,64,0.0,inf,1.0,8,185.83953251099956,20,0,5100,1280,0.10761972832027131,6.887662612497364,34.33069333416655,2254.3058152000413,2263.7676599997576,344.53938855284014,2263.7676599997576,2835.5294147992936,2840.5668437598615,946.7428160269826,949.1457042063374,4.22264592690151,949.1457042063374,949.3656288166575,949.3657500427073,931.9498158273418,949.0898479998577,120.80385175844636,949.0898479998577,950.5488310512192,951.3004694905612,61899.103224899955,62037.26693099998,416.53240945717283,62037.26693099998,62092.42890109954,62092.46097461973
data/raw/baseline/llama/bench_runs_offload_paper1_rerun_offload8_20260320_093921/offload8_conc8_run2.json,offload8_conc8_run2.json,bench_runs_offload_paper1_rerun_offload8_20260320_093921,bench_runs_offload_paper1_rerun_offload8_20260320_093921,offload_paper1_rerun,llama31_8b_offload8,meta-llama/Llama-3.1-8B-Instruct,20260320-115048,8,8,2,20,1,256,64,0.0,inf,1.0,8,185.82903875099873,20,0,5100,1280,0.10762580560296048,6.888051558589471,34.33263198734439,2251.8952577500386,2261.1720804998185,344.63109120295,2261.1720804998185,2836.5606848002244,2838.7314393589077,946.7277686547592,949.1892345714217,4.233393469100757,949.1892345714217,949.3064511825377,949.3065094492134,931.9349842039074,948.9723025008061,120.80488909141943,948.9723025008061,950.5990155499603,951.1749017004877,61895.74468299988,62034.38096799982,416.352029933941,62034.38096799982,62088.960791699355,62089.37500234053
data/raw/baseline/llama/bench_runs_offload_paper1_rerun_offload8_20260320_093921/offload8_conc8_run3.json,offload8_conc8_run3.json,bench_runs_offload_paper1_rerun_offload8_20260320_093921,bench_runs_offload_paper1_rerun_offload8_20260320_093921,offload_paper1_rerun,llama31_8b_offload8,meta-llama/Llama-3.1-8B-Instruct,20260320-115427,8,8,3,20,1,256,64,0.0,inf,1.0,8,187.55440167900088,20,0,5100,1280,0.10663572713281332,6.824686536500052,34.01679695536745,2695.159763799984,2834.8484794996693,449.0065194907825,2834.8484794996693,2859.9801941506485,2860.0582940310596,948.0836993500008,949.1285061111062,2.251586855473622,949.1285061111062,949.4328271039714,949.4954770525469,933.2697331773445,948.8925474997814,117.60813020453364,948.8925474997814,950.5471209984535,951.4102471005208,62424.43282285003,62608.118988999195,444.3051114010521,62608.118988999195,62667.78288355072,62667.81628631103
data/raw/baseline/llama/bench_runs_offload_paper1_rerun_offload8_20260320_093921/offload8_conc8_run4.json,offload8_conc8_run4.json,bench_runs_offload_paper1_rerun_offload8_20260320_093921,bench_runs_offload_paper1_rerun_offload8_20260320_093921,offload_paper1_rerun,llama31_8b_offload8,meta-llama/Llama-3.1-8B-Instruct,20260320-115805,8,8,4,20,1,256,64,0.0,inf,1.0,8,185.8528400209998,20,0,5100,1280,0.1076120224890842,6.887169439301389,34.32823517401786,2253.4851123001317,2263.2992950002517,343.9652555636424,2263.2992950002517,2835.255996700289,2837.7456001394603,946.7874077555539,949.1693277460212,4.161840478536821,949.1693277460212,949.3323132936446,949.3324967793603,931.9936758328112,948.8824914997167,120.80756339713434,948.8824914997167,950.5784774004496,950.9120946000075,61901.09180090003,62035.29403700031,414.2133246984282,62035.29403700031,62091.774646000245,62091.77631800054
data/raw/baseline/llama/bench_runs_offload_paper1_rerun_offload8_20260320_093921/offload8_conc8_run5.json,offload8_conc8_run5.json,bench_runs_offload_paper1_rerun_offload8_20260320_093921,bench_runs_offload_paper1_rerun_offload8_20260320_093921,offload_paper1_rerun,llama31_8b_offload8,meta-llama/Llama-3.1-8B-Instruct,20260320-120143,8,8,5,20,1,256,64,0.0,inf,1.0,8,186.63614208599938,20,0,5100,1280,0.10716038049470758,6.858264351661285,34.18416137781172,2276.450760950229,2371.2816420002127,611.8206292469828,2371.2816420002127,2842.2752083489286,2842.500295270129,948.1038117904698,949.1909422539763,2.182930924478724,949.1909422539763,949.3766257769797,949.3811092823757,933.2895052023404,948.9298369999233,117.60979582078684,948.9298369999233,950.6937689998267,951.419039200191,62006.99090374983,62007.96535150039,561.7739499063866,62007.96535150039,62618.87203559927,62618.980633519604
data/raw/baseline/llama/bench_runs_offload_paper1_rerun_offload8_20260320_093921/offload8_conc12_run1.json,offload8_conc12_run1.json,bench_runs_offload_paper1_rerun_offload8_20260320_093921,bench_runs_offload_paper1_rerun_offload8_20260320_093921,offload_paper1_rerun,llama31_8b_offload8,meta-llama/Llama-3.1-8B-Instruct,20260320-120419,8,12,1,20,1,256,64,0.0,inf,1.0,12,124.63134385699959,20,0,5100,1280,0.16047327567090783,10.270289642938101,51.1909749390196,2101.702562800074,2049.0401405004377,320.0361836423614,2049.0401405004377,2271.5927809998907,2744.231871399351,955.100490189676,960.8200902142752,6.636249170851509,960.8200902142752,960.8273746039563,960.8274858414087,940.1769068492172,959.5724450009584,121.05268071086901,959.5724450009584,962.0345000499583,963.1329738095883,62273.03344474967,62579.48746499915,448.9507517113926,62579.48746499915,62581.057274750856,62581.19958854957
data/raw/baseline/llama/bench_runs_offload_paper1_rerun_offload8_20260320_093921/offload8_conc12_run2.json,offload8_conc12_run2.json,bench_runs_offload_paper1_rerun_offload8_20260320_093921,bench_runs_offload_paper1_rerun_offload8_20260320_093921,offload_paper1_rerun,llama31_8b_offload8,meta-llama/Llama-3.1-8B-Instruct,20260320-120655,8,12,2,20,1,256,64,0.0,inf,1.0,12,124.62418769500073,20,0,5100,1280,0.1604824903569044,10.270879382841882,51.193914423852505,2103.793258600035,2053.367699500086,319.4623169651868,2053.367699500086,2270.937896950091,2743.241552989238,955.029851482539,960.8056967936569,6.695793597345239,960.8056967936569,960.8119160793519,960.8167417174543,940.1073676093745,960.1002409999637,121.03767424554856,960.1002409999637,961.7987920002633,962.691000499799,62270.673901999995,62583.05139699951,451.6579647998522,62583.05139699951,62584.64182370072,62585.1150559398
data/raw/baseline/llama/bench_runs_offload_paper1_rerun_offload8_20260320_093921/offload8_conc12_run3.json,offload8_conc12_run3.json,bench_runs_offload_paper1_rerun_offload8_20260320_093921,bench_runs_offload_paper1_rerun_offload8_20260320_093921,offload_paper1_rerun,llama31_8b_offload8,meta-llama/Llama-3.1-8B-Instruct,20260320-120931,8,12,3,20,1,256,64,0.0,inf,1.0,12,124.62372205999964,20,0,5100,1280,0.16048308997199645,10.270917758207773,51.19410570106687,2098.0806236998433,2046.1260775000483,319.9222214627758,2046.1260775000483,2266.3277264497087,2743.468121289078,955.1223021658692,960.9222357857005,6.7181674392586235,960.9222357857005,960.9278146587121,960.9279342079159,940.198377480469,960.0215894997746,121.06171492254157,960.0215894997746,962.0735415512172,962.6047135097906,62270.78566014962,62583.49698949951,452.4702949827505,62583.49698949951,62584.64733944893,62584.93755989046
data/raw/baseline/llama/bench_runs_offload_paper1_rerun_offload8_20260320_093921/offload8_conc12_run4.json,offload8_conc12_run4.json,bench_runs_offload_paper1_rerun_offload8_20260320_093921,bench_runs_offload_paper1_rerun_offload8_20260320_093921,offload_paper1_rerun,llama31_8b_offload8,meta-llama/Llama-3.1-8B-Instruct,20260320-121207,8,12,4,20,1,256,64,0.0,inf,1.0,12,124.61472503599907,20,0,5100,1280,0.16049467664613745,10.271659305352797,51.19780185011785,2100.4970510500243,2049.726524000107,319.5134739854436,2049.726524000107,2267.5005159985635,2742.853383999408,954.9981087849204,960.7235700476172,6.642978331567318,960.7235700476172,960.7313814531658,960.7314074017427,940.0761427304658,959.733611500269,121.03690565511555,959.733611500269,961.9405005007138,962.5708455003405,62265.37790450002,62574.312872999144,450.29077857390547,62574.312872999144,62575.9144299509,62576.20207398995
data/raw/baseline/llama/bench_runs_offload_paper1_rerun_offload8_20260320_093921/offload8_conc12_run5.json,offload8_conc12_run5.json,bench_runs_offload_paper1_rerun_offload8_20260320_093921,bench_runs_offload_paper1_rerun_offload8_20260320_093921,offload_paper1_rerun,llama31_8b_offload8,meta-llama/Llama-3.1-8B-Instruct,20260320-121443,8,12,5,20,1,256,64,0.0,inf,1.0,12,124.62113452599988,20,0,5100,1280,0.1604864221150817,10.27113101536523,51.19516865471107,2103.665874699891,2053.2342955002605,318.287254330758,2053.2342955002605,2269.9285564491224,2741.3327144903806,954.9845625690457,960.6567316428511,6.588403607641755,960.6567316428511,960.6641885801575,960.664669081114,940.0628096257819,960.0691844989342,121.03438209840769,960.0691844989342,961.9199271503021,962.3460741899362,62267.693316549776,62573.96896349928,448.2638880213427,62573.96896349928,62575.16402000056,62575.1946784012
data/raw/baseline/llama/bench_runs_offload_paper1_rerun_offload8_20260320_093921/offload8_conc16_run1.json,offload8_conc16_run1.json,bench_runs_offload_paper1_rerun_offload8_20260320_093921,bench_runs_offload_paper1_rerun_offload8_20260320_093921,offload_paper1_rerun,llama31_8b_offload8,meta-llama/Llama-3.1-8B-Instruct,20260320-121719,8,16,1,20,1,256,64,0.0,inf,1.0,16,124.45994629800043,20,0,5100,1280,0.16069426827577957,10.284433169649892,51.26147157997368,2175.1799846500035,2192.5274870000067,312.79951585550407,2192.5274870000067,2293.7330039498197,2746.9807239904903,956.6547176738084,961.1551002539677,8.171183353012434,961.1551002539677,961.1564823825357,961.1572865590422,941.7068599023452,960.9741309996025,121.17542260464275,960.9741309996025,962.3231270010365,962.8972642995541,62444.42719809995,62744.41782250051,550.7604582517572,62744.41782250051,62746.14346154895,62746.174675508904
data/raw/baseline/llama/bench_runs_offload_paper1_rerun_offload8_20260320_093921/offload8_conc16_run2.json,offload8_conc16_run2.json,bench_runs_offload_paper1_rerun_offload8_20260320_093921,bench_runs_offload_paper1_rerun_offload8_20260320_093921,offload_paper1_rerun,llama31_8b_offload8,meta-llama/Llama-3.1-8B-Instruct,20260320-121955,8,16,2,20,1,256,64,0.0,inf,1.0,16,124.4530984539997,20,0,5100,1280,0.16070311023547873,10.284999055070639,51.26429216511771,2176.044268499936,2193.41959150006,312.805320362547,2193.41959150006,2294.684804900681,2747.8375393804886,956.6163680198466,961.1385110555501,8.2104530523065,961.1385110555501,961.1396768968251,961.1400027317342,941.6691403062543,960.8998939984303,121.17936908434433,960.8998939984303,962.2895519012671,963.3195824005816,62442.875453750275,62744.50956699911,552.570990378349,62744.50956699911,62746.0277889988,62746.0416058006
data/raw/baseline/llama/bench_runs_offload_paper1_rerun_offload8_20260320_093921/offload8_conc16_run3.json,offload8_conc16_run3.json,bench_runs_offload_paper1_rerun_offload8_20260320_093921,bench_runs_offload_paper1_rerun_offload8_20260320_093921,offload_paper1_rerun,llama31_8b_offload8,meta-llama/Llama-3.1-8B-Instruct,20260320-122231,8,16,3,20,1,256,64,0.0,inf,1.0,16,124.43529985799978,20,0,5100,1280,0.16072609639566218,10.28647016932238,51.27162475021623,2172.309403899999,2188.855218999379,313.97842338679413,2188.855218999379,2294.4837348493825,2749.1613021705775,956.4798413690426,960.9762967380766,8.159750246896529,960.9762967380766,960.9771124206057,960.9771911952645,941.5347120007851,960.7543385009194,121.15663358726728,960.7543385009194,962.4137770477319,963.2019787693207,62430.539410149686,62729.552153999975,549.5564077823972,62729.552153999975,62730.92650094895,62731.21937378801
data/raw/baseline/llama/bench_runs_offload_paper1_rerun_offload8_20260320_093921/offload8_conc16_run4.json,offload8_conc16_run4.json,bench_runs_offload_paper1_rerun_offload8_20260320_093921,bench_runs_offload_paper1_rerun_offload8_20260320_093921,offload_paper1_rerun,llama31_8b_offload8,meta-llama/Llama-3.1-8B-Instruct,20260320-122507,8,16,4,20,1,256,64,0.0,inf,1.0,16,124.44951024699913,20,0,5100,1280,0.16070774372920654,10.285295598669219,51.26577024961689,2174.462085199957,2192.057162999845,312.77394519630025,2192.057162999845,2291.6177291521312,2746.117613028836,956.5944627944478,961.1035454920402,8.187762273638567,961.1035454920402,961.1040388254085,961.1042098857381,941.6475566921918,961.0619675022463,121.17502277969204,961.0619675022463,962.280290050694,963.7834376998944,62439.91324125018,62740.9637034998,551.9233527873985,62740.9637034998,62742.43713570031,62742.58549834107
data/raw/baseline/llama/bench_runs_offload_paper1_rerun_offload8_20260320_093921/offload8_conc16_run5.json,offload8_conc16_run5.json,bench_runs_offload_paper1_rerun_offload8_20260320_093921,bench_runs_offload_paper1_rerun_offload8_20260320_093921,offload_paper1_rerun,llama31_8b_offload8,meta-llama/Llama-3.1-8B-Instruct,20260320-122743,8,16,5,20,1,256,64,0.0,inf,1.0,16,124.45461638900088,20,0,5100,1280,0.1607011501886528,10.28487361207378,51.26366691018024,2173.9897842497157,2191.2318534996302,313.2141867947438,2191.2318534996302,2292.7805559003905,2747.3738855797264,956.5979081230189,961.0780975952598,8.132782939899435,961.0780975952598,961.0803591983847,961.0804912936632,941.6509423218798,960.8509640002012,121.17002828082306,960.8509640002012,962.3838539500866,964.3492921996221,62439.657995999914,62738.56034250093,549.2232174266882,62738.56034250093,62740.45597094828,62740.75560778907
data/raw/baseline/llama/bench_runs_offload_paper1_rerun_offload12_20260319_143041/offload12_conc1_run1.json,offload12_conc1_run1.json,bench_runs_offload_paper1_rerun_offload12_20260319_143041,bench_runs_offload_paper1_rerun_offload12_20260319_143041,offload_paper1_rerun,llama31_8b_offload12,meta-llama/Llama-3.1-8B-Instruct,20260319-144352,12,1,1,20,1,256,64,0.0,inf,1.0,1,746.3574312609999,20,0,5100,1280,0.026796812307756115,1.7149959876963914,8.5481831261742,3516.4358599999105,3627.2260599998845,484.39255463485887,3627.2260599998845,3631.8415854500927,3637.6332330900914,536.5269446960272,536.5016892618956,0.1193374214675577,536.5016892618956,536.5632626698286,536.9458230736287,528.1435146734395,536.4329215008183,66.54654721142842,536.4329215008183,537.385588950201,538.5705704210341,37317.63337584962,37426.93414399764,484.9523514182948,37426.93414399764,37438.575030098036,37455.28256761845
data/raw/baseline/llama/bench_runs_offload_paper1_rerun_offload12_20260319_143041/offload12_conc1_run2.json,offload12_conc1_run2.json,bench_runs_offload_paper1_rerun_offload12_20260319_143041,bench_runs_offload_paper1_rerun_offload12_20260319_143041,offload_paper1_rerun,llama31_8b_offload12,meta-llama/Llama-3.1-8B-Instruct,20260319-145619,12,1,2,20,1,256,64,0.0,inf,1.0,1,704.1263195050014,20,0,5100,1280,0.028403994348712793,1.8178556383176188,9.06087419723938,1407.1029232502042,1407.0631634986057,2.1022889105480034,1407.0631634986057,1409.837691498069,1412.8815751011643,536.4914001523737,536.4905132936699,0.017114170091938816,536.4905132936699,536.5180410261856,536.520098973453,528.1085146437476,536.4321655015374,66.535689976856,536.4321655015374,537.6135864524258,538.4361838885889,35206.061132849754,35205.93964100044,2.8879151216488688,35205.93964100044,35210.46446984783,35213.48894836981
data/raw/baseline/llama/bench_runs_offload_paper1_rerun_offload12_20260319_143041/offload12_conc1_run3.json,offload12_conc1_run3.json,bench_runs_offload_paper1_rerun_offload12_20260319_143041,bench_runs_offload_paper1_rerun_offload12_20260319_143041,offload_paper1_rerun,llama31_8b_offload12,meta-llama/Llama-3.1-8B-Instruct,20260319-150846,12,1,3,20,1,256,64,0.0,inf,1.0,1,704.122665543,20,0,5100,1280,0.02840414174791057,1.8178650718662765,9.060921217583472,1406.1680519998845,1406.013827501738,2.333773273095725,1406.013827501738,1409.397133350103,1411.7550842697892,536.5034637777763,536.503004595221,0.01993196130802446,536.503004595221,536.5376384364849,536.5436208428415,528.1203956226562,536.4386344990635,66.53761118531968,536.4386344990635,537.5387008985854,538.6026967498401,35205.88626999979,35205.77650749874,2.8165986458028547,35205.77650749874,35209.15829844744,35213.58118608856
data/raw/baseline/llama/bench_runs_offload_paper1_rerun_offload12_20260319_143041/offload12_conc1_run4.json,offload12_conc1_run4.json,bench_runs_offload_paper1_rerun_offload12_20260319_143041,bench_runs_offload_paper1_rerun_offload12_20260319_143041,offload_paper1_rerun,llama31_8b_offload12,meta-llama/Llama-3.1-8B-Instruct,20260319-152113,12,1,4,20,1,256,64,0.0,inf,1.0,1,704.1260212570014,20,0,5100,1280,0.028404006379846785,1.8178564083101942,9.060878035171124,1407.11150395,1406.937020998157,2.1010468163416562,1406.937020998157,1409.9153966973972,1411.9911345393484,536.4911334976049,536.4888372936664,0.018875394383886055,536.4888372936664,536.5144795920118,536.520811550148,528.1082503218698,536.4256454995484,66.53592740025597,536.4256454995484,537.6213170482515,538.5089178480848,35206.05291429911,35206.27190999949,2.276663449475476,35206.27190999949,35210.022132553786,35210.28031290647
data/raw/baseline/llama/bench_runs_offload_paper1_rerun_offload12_20260319_143041/offload12_conc1_run5.json,offload12_conc1_run5.json,bench_runs_offload_paper1_rerun_offload12_20260319_143041,bench_runs_offload_paper1_rerun_offload12_20260319_143041,offload_paper1_rerun,llama31_8b_offload12,meta-llama/Llama-3.1-8B-Instruct,20260319-153340,12,1,5,20,1,256,64,0.0,inf,1.0,1,704.1205809649982,20,0,5100,1280,0.028404225839542954,1.817870453730749,9.060948042814204,1406.8553069508198,1406.8299015016237,1.917883180398177,1406.8299015016237,1410.0584315496235,1411.736641507814,536.4908274531776,536.4931390634857,0.016475714680208954,536.4931390634857,536.5143498848377,536.5192647325246,528.1079733664114,536.4274870007648,66.53566568072509,536.4274870007648,537.6692756952252,538.4365290901769,35205.77743650101,35205.727687000035,2.224213850952828,35205.727687000035,35209.681825551525,35210.33759230908
data/raw/baseline/llama/bench_runs_offload_paper1_rerun_offload12_20260319_143041/offload12_conc2_run1.json,offload12_conc2_run1.json,bench_runs_offload_paper1_rerun_offload12_20260319_143041,bench_runs_offload_paper1_rerun_offload12_20260319_143041,offload_paper1_rerun,llama31_8b_offload12,meta-llama/Llama-3.1-8B-Instruct,20260319-154920,12,2,1,20,1,256,64,0.0,inf,1.0,2,897.3104190820013,20,0,5100,1280,0.02228883068187386,1.426485163639927,7.110136987517761,2498.531701149841,2473.711235998053,749.420213792156,2473.711235998053,3336.4167650997842,3339.844746622475,1383.7870639476253,1385.1630744365038,10.452953017485678,1385.1630744365038,1398.787322107074,1398.8062728278326,1362.165102050784,1398.8340639989474,204.9735965946769,1398.8340639989474,1400.727091450608,1401.6151717570028,89677.11672985024,89737.96189849963,164.93086201650723,89737.96189849963,89766.9458032964,90008.24165826023
data/raw/baseline/llama/bench_runs_offload_paper1_rerun_offload12_20260319_143041/offload12_conc2_run2.json,offload12_conc2_run2.json,bench_runs_offload_paper1_rerun_offload12_20260319_143041,bench_runs_offload_paper1_rerun_offload12_20260319_143041,offload_paper1_rerun,llama31_8b_offload12,meta-llama/Llama-3.1-8B-Instruct,20260319-160500,12,2,2,20,1,256,64,0.0,inf,1.0,2,897.7024477300001,20,0,5100,1280,0.02227909710012883,1.4258622144082451,7.107031974941098,2798.4759904498787,2641.6534394993505,552.5026365452632,2641.6534394993505,3337.1310894959606,3342.8424514993094,1379.647731154748,1384.905859658685,8.01576643487039,1384.905859658685,1386.0620388571008,1396.4145561905302,1358.0905230765609,1398.7637830032327,212.53401225991394,1398.7637830032327,1400.4938514983223,1401.3689131204592,89716.283053199,89735.04158049764,148.30359835502122,89735.04158049764,89764.17057290164,90022.0897801769
data/raw/baseline/llama/bench_runs_offload_paper1_rerun_offload12_20260319_143041/offload12_conc2_run3.json,offload12_conc2_run3.json,bench_runs_offload_paper1_rerun_offload12_20260319_143041,bench_runs_offload_paper1_rerun_offload12_20260319_143041,offload_paper1_rerun,llama31_8b_offload12,meta-llama/Llama-3.1-8B-Instruct,20260319-162039,12,2,3,20,1,256,64,0.0,inf,1.0,2,895.8989513120032,20,0,5100,1280,0.02232394621146828,1.42873255753397,7.121338841458382,1482.6124489503854,1414.3142525026633,303.3465339772318,1414.3142525026633,1487.5222394988677,2541.3069807037373,1398.098041769048,1398.783700674574,2.979714417515427,1398.783700674574,1398.8784943198605,1398.8840657592616,1376.2525751117323,1398.6997365027491,175.0586424276417,1398.6997365027491,1400.5943960459263,1401.4637860422226,89562.7890804004,89537.02431650163,115.89075778331517,89537.02431650163,89572.1284205505,89967.98896011322
data/raw/baseline/llama/bench_runs_offload_paper1_rerun_offload12_20260319_143041/offload12_conc2_run4.json,offload12_conc2_run4.json,bench_runs_offload_paper1_rerun_offload12_20260319_143041,bench_runs_offload_paper1_rerun_offload12_20260319_143041,offload_paper1_rerun,llama31_8b_offload12,meta-llama/Llama-3.1-8B-Instruct,20260319-163620,12,2,4,20,1,256,64,0.0,inf,1.0,2,898.0337711920001,20,0,5100,1280,0.022270877378534563,1.425336152226212,7.104409883752526,2742.984894100664,2636.430388003646,565.0260964420249,2636.430388003646,3333.6048527526145,3341.05180014667,1381.0551968468183,1385.0824740079659,8.742650824763109,1385.0824740079659,1398.768250147623,1398.8130675405987,1359.4759881538891,1398.811670998839,210.0674778224194,1398.811670998839,1400.7050485015498,1401.6148969125788,89749.46229545021,89737.02134300038,180.01023229799685,89737.02134300038,90061.5010511996,90069.94822624009
data/raw/baseline/llama/bench_runs_offload_paper1_rerun_offload12_20260319_143041/offload12_conc2_run5.json,offload12_conc2_run5.json,bench_runs_offload_paper1_rerun_offload12_20260319_143041,bench_runs_offload_paper1_rerun_offload12_20260319_143041,offload_paper1_rerun,llama31_8b_offload12,meta-llama/Llama-3.1-8B-Instruct,20260319-165200,12,2,5,20,1,256,64,0.0,inf,1.0,2,897.0620120019958,20,0,5100,1280,0.022295002722683015,1.426880174251713,7.112105868535882,2349.117459500485,2470.9955045036622,788.5482573818787,2470.9955045036622,3338.3333878973644,3340.0774495810765,1385.7639603357036,1385.0482259285711,11.010865038219267,1385.0482259285711,1398.8691121706484,1398.8714661801557,1364.111188317952,1398.7861169989628,201.01778043458955,1398.7861169989628,1400.4560099954688,1401.2005029831926,89652.24696064979,89722.10907049885,165.1604685691052,89722.10907049885,89766.89169295205,90000.29489698602
data/raw/baseline/llama/bench_runs_offload_paper1_rerun_offload12_20260319_143041/offload12_conc4_run1.json,offload12_conc4_run1.json,bench_runs_offload_paper1_rerun_offload12_20260319_143041,bench_runs_offload_paper1_rerun_offload12_20260319_143041,offload_paper1_rerun,llama31_8b_offload12,meta-llama/Llama-3.1-8B-Instruct,20260319-170014,12,4,1,20,1,256,64,0.0,inf,1.0,4,451.33335038099904,20,0,5100,1280,0.04431314455959599,2.8360412518141436,14.135893114511122,2306.5792440000223,2212.8394185019715,927.4087110911998,2212.8394185019715,4209.989388448594,4211.707238487143,1393.6324000873037,1398.378057190423,9.975327187319856,1398.378057190423,1398.6801400397246,1398.6801717666694,1371.856691418759,1398.3203639982094,184.14935980868827,1398.3203639982094,1400.1842179986852,1401.6934394014243,90105.42044950016,90054.2789200008,469.7588398057441,90054.2789200008,90585.72915080404,90585.90641015988
data/raw/baseline/llama/bench_runs_offload_paper1_rerun_offload12_20260319_143041/offload12_conc4_run2.json,offload12_conc4_run2.json,bench_runs_offload_paper1_rerun_offload12_20260319_143041,bench_runs_offload_paper1_rerun_offload12_20260319_143041,offload_paper1_rerun,llama31_8b_offload12,meta-llama/Llama-3.1-8B-Instruct,20260319-170837,12,4,2,20,1,256,64,0.0,inf,1.0,4,460.16319492099865,20,0,5100,1280,0.04346284148916695,2.781621855306685,13.864646435044259,3649.2789314994297,4201.191058498807,926.8422818110987,4201.191058498807,4224.346808195696,4224.459686440532,1398.46966698254,1398.4533303412877,0.13678108140692485,1398.4533303412877,1398.6619042412453,1398.6641946641496,1376.618375196881,1398.351243500656,173.44398074237816,1398.351243500656,1400.2935209944553,1401.277658297622,91752.86795139946,92307.60336200183,927.4993679122545,92307.60336200183,92319.2306795514,92319.59220471574
data/raw/baseline/llama/bench_runs_offload_paper1_rerun_offload12_20260319_143041/offload12_conc4_run3.json,offload12_conc4_run3.json,bench_runs_offload_paper1_rerun_offload12_20260319_143041,bench_runs_offload_paper1_rerun_offload12_20260319_143041,offload_paper1_rerun,llama31_8b_offload12,meta-llama/Llama-3.1-8B-Instruct,20260319-171657,12,4,3,20,1,256,64,0.0,inf,1.0,4,456.710089279004,20,0,5100,1280,0.04379145648298128,2.802653214910802,13.969474618071029,3274.1942877506517,3355.7584139998653,589.0327218411746,3355.7584139998653,4192.763840555926,4196.019476112633,1395.6799466539826,1398.3242374286217,5.3323067199870104,1398.3242374286217,1398.5093546643348,1398.512914323376,1373.8722404203259,1398.4224800005904,179.68225975456272,1398.4224800005904,1400.116797748342,1401.0244705000514,91202.03092695156,91441.95236450105,518.4321985743775,91441.95236450105,91463.37466480218,91463.54164896162
data/raw/baseline/llama/bench_runs_offload_paper1_rerun_offload12_20260319_143041/offload12_conc4_run4.json,offload12_conc4_run4.json,bench_runs_offload_paper1_rerun_offload12_20260319_143041,bench_runs_offload_paper1_rerun_offload12_20260319_143041,offload_paper1_rerun,llama31_8b_offload12,meta-llama/Llama-3.1-8B-Instruct,20260319-172512,12,4,4,20,1,256,64,0.0,inf,1.0,4,452.3983637459969,20,0,5100,1280,0.04420882479413471,2.8293647868246214,14.102615109328971,2605.447272348829,2480.3299455015804,894.1006076177581,2480.3299455015804,4212.1100683503755,4214.195528869386,1392.2695897396761,1398.3891933491996,11.043942274064364,1398.3891933491996,1398.5244366587433,1398.5244457063434,1370.5151801359477,1398.354011002084,187.06997405054204,1398.354011002084,1400.1498404955782,1403.9689100955002,90318.43142594844,90577.39643649984,391.73999878350435,90577.39643649984,90585.82107169641,90590.1750311369
data/raw/baseline/llama/bench_runs_offload_paper1_rerun_offload12_20260319_143041/offload12_conc4_run5.json,offload12_conc4_run5.json,bench_runs_offload_paper1_rerun_offload12_20260319_143041,bench_runs_offload_paper1_rerun_offload12_20260319_143041,offload_paper1_rerun,llama31_8b_offload12,meta-llama/Llama-3.1-8B-Instruct,20260319-173331,12,4,5,20,1,256,64,0.0,inf,1.0,4,456.67578006200347,20,0,5100,1280,0.04379474645509901,2.8028637731263366,13.970524119176583,3275.2159743002267,3353.694830002496,587.3358712973745,3353.694830002496,4192.1150487993145,4194.64861216431,1395.5529756301582,1398.1863160317719,5.345178339610915,1398.1863160317719,1398.3277203499233,1398.3928065207954,1373.7472614976582,1398.2374709994474,179.66451088983018,1398.2374709994474,1399.7703804976481,1401.030557669219,91195.05343900018,91437.06538650076,515.4267033476086,91437.06538650076,91451.43436710023,91451.52927741809
data/raw/baseline/llama/bench_runs_offload_paper1_rerun_offload12_20260319_143041/offload12_conc8_run1.json,offload12_conc8_run1.json,bench_runs_offload_paper1_rerun_offload12_20260319_143041,bench_runs_offload_paper1_rerun_offload12_20260319_143041,offload_paper1_rerun,llama31_8b_offload12,meta-llama/Llama-3.1-8B-Instruct,20260319-173850,12,8,1,20,1,256,64,0.0,inf,1.0,8,275.393194460994,20,0,5100,1280,0.07262343588099361,4.647899896383591,23.16687604603696,3336.7571059006877,3355.978416500875,512.0678261568752,3355.978416500875,4210.6521781050105,4211.101567619116,1403.0341406531659,1406.760724968268,6.319541339864607,1406.760724968268,1406.8393643651011,1406.8393785999372,1381.1115973577898,1406.4548915011983,179.05280826307978,1406.4548915011983,1408.6284719029209,1409.5447164083453,91727.90796705012,91947.58704549531,619.5683930318016,91947.58704549531,92000.00877410312,92000.06123082065
data/raw/baseline/llama/bench_runs_offload_paper1_rerun_offload12_20260319_143041/offload12_conc8_run2.json,offload12_conc8_run2.json,bench_runs_offload_paper1_rerun_offload12_20260319_143041,bench_runs_offload_paper1_rerun_offload12_20260319_143041,offload_paper1_rerun,llama31_8b_offload12,meta-llama/Llama-3.1-8B-Instruct,20260319-174408,12,8,2,20,1,256,64,0.0,inf,1.0,8,275.37719951799954,20,0,5100,1280,0.07262765412316838,4.648169863882776,23.168221665290712,3334.4009446995187,3355.207178996352,512.7699221247975,3355.207178996352,4208.539347394981,4210.223984682962,1402.9350434658907,1406.5297713968325,6.225143582539873,1406.5297713968325,1406.7225161429387,1406.7225434064276,1381.0140299382908,1406.367625000712,179.03683224104506,1406.367625000712,1408.2358895029756,1409.0712173033535,91719.30868305062,91926.05111500234,616.1683314914983,91926.05111500234,91994.29596280534,91994.81076856231
data/raw/baseline/llama/bench_runs_offload_paper1_rerun_offload12_20260319_143041/offload12_conc8_run3.json,offload12_conc8_run3.json,bench_runs_offload_paper1_rerun_offload12_20260319_143041,bench_runs_offload_paper1_rerun_offload12_20260319_143041,offload_paper1_rerun,llama31_8b_offload12,meta-llama/Llama-3.1-8B-Instruct,20260319-174926,12,8,3,20,1,256,64,0.0,inf,1.0,8,275.38568402999954,20,0,5100,1280,0.07262541649703647,4.648026655810334,23.167507862554633,3336.7459583983873,3356.430444498983,511.8795503071093,3356.430444498983,4205.6247907490615,4212.175394147125,1403.0164839698477,1406.8052767143522,6.350476394122624,1406.8052767143522,1406.8107825714776,1406.8108706349378,1381.0941873257946,1406.4475380000658,179.0505291632883,1406.4475380000658,1408.3233924968226,1409.485855602834,91726.7844484988,91947.23078950119,618.8018120281178,91947.23078950119,92001.63067665235,92001.74815213039
data/raw/baseline/llama/bench_runs_offload_paper1_rerun_offload12_20260319_143041/offload12_conc8_run4.json,offload12_conc8_run4.json,bench_runs_offload_paper1_rerun_offload12_20260319_143041,bench_runs_offload_paper1_rerun_offload12_20260319_143041,offload_paper1_rerun,llama31_8b_offload12,meta-llama/Llama-3.1-8B-Instruct,20260319-175446,12,8,4,20,1,256,64,0.0,inf,1.0,8,277.10709498100186,20,0,5100,1280,0.07217426172856085,4.619152750627895,23.023589491410913,3931.812505099515,4208.862848001445,713.3761166062678,4208.862848001445,4240.971851150971,4241.379000628367,1404.3630422349252,1406.6467455952425,5.503907380110436,1406.6467455952425,1407.172993967464,1407.177475060143,1382.419699171885,1406.5008639990992,175.8950253373113,1406.5008639990992,1408.1640984946716,1409.8648961994331,92406.68416589979,92803.41310299991,728.680284834597,92803.41310299991,92875.99062860354,92876.38152091902
data/raw/baseline/llama/bench_runs_offload_paper1_rerun_offload12_20260319_143041/offload12_conc8_run5.json,offload12_conc8_run5.json,bench_runs_offload_paper1_rerun_offload12_20260319_143041,bench_runs_offload_paper1_rerun_offload12_20260319_143041,offload_paper1_rerun,llama31_8b_offload12,meta-llama/Llama-3.1-8B-Instruct,20260319-180004,12,8,5,20,1,256,64,0.0,inf,1.0,8,275.40725995300454,20,0,5100,1280,0.07261972688524186,4.647662520655479,23.165692876392157,3337.3401215998456,3360.7024569973873,512.6306767979963,3360.7024569973873,4211.072303550463,4212.099938308384,1403.0661327595426,1406.732058642875,6.2677198845618545,1406.732058642875,1406.8558835873687,1406.8560001205888,1381.1430673859377,1406.5083879977465,179.0535960467608,1406.5083879977465,1408.2966369503993,1409.0056558062497,91730.50648545104,91944.31261200225,617.0540719752056,91944.31261200225,92001.96522769875,92002.76063914389
data/raw/baseline/llama/bench_runs_offload_paper1_rerun_offload12_20260319_143041/offload12_conc12_run1.json,offload12_conc12_run1.json,bench_runs_offload_paper1_rerun_offload12_20260319_143041,bench_runs_offload_paper1_rerun_offload12_20260319_143041,offload_paper1_rerun,llama31_8b_offload12,meta-llama/Llama-3.1-8B-Instruct,20260319-180352,12,12,1,20,1,256,64,0.0,inf,1.0,12,184.64694102900103,20,0,5100,1280,0.10831481901917216,6.932148417227018,34.55242726711592,3104.6669307492266,3021.040666000772,477.4259705372099,3021.040666000772,3362.6076679451226,4069.222120788326,1415.140963020652,1423.577642579374,9.799280783851092,1423.577642579374,1423.5848594690435,1423.584922814445,1393.0292626875087,1422.8112929995405,179.37480047642853,1422.8112929995405,1424.6899387959274,1425.1806492028845,92258.5476010503,92705.83758500288,661.9780241958914,92705.83758500288,92706.92805975232,92707.41314874664
data/raw/baseline/llama/bench_runs_offload_paper1_rerun_offload12_20260319_143041/offload12_conc12_run2.json,offload12_conc12_run2.json,bench_runs_offload_paper1_rerun_offload12_20260319_143041,bench_runs_offload_paper1_rerun_offload12_20260319_143041,offload_paper1_rerun,llama31_8b_offload12,meta-llama/Llama-3.1-8B-Instruct,20260319-180739,12,12,2,20,1,256,64,0.0,inf,1.0,12,184.64703651400487,20,0,5100,1280,0.10831476300722036,6.932144832462103,34.55240939930329,3107.077713050603,3025.881379500788,475.4848553119805,3025.881379500788,3361.906435403944,4065.1072030780765,1415.1001481928688,1423.4757111905005,9.732547171576847,1423.4757111905005,1423.4830646992152,1423.483530120867,1392.9890898515623,1422.3966330027906,179.365140509208,1422.3966330027906,1424.7849736490025,1425.3792483892175,92258.38704920134,92704.2344190013,660.8355659845884,92704.2344190013,92705.09270530565,92705.54992586542
data/raw/baseline/llama/bench_runs_offload_paper1_rerun_offload12_20260319_143041/offload12_conc12_run3.json,offload12_conc12_run3.json,bench_runs_offload_paper1_rerun_offload12_20260319_143041,bench_runs_offload_paper1_rerun_offload12_20260319_143041,offload_paper1_rerun,llama31_8b_offload12,meta-llama/Llama-3.1-8B-Instruct,20260319-181127,12,12,3,20,1,256,64,0.0,inf,1.0,12,184.65256470299937,20,0,5100,1280,0.10831152024434965,6.931937295638377,34.55137495794754,3106.1884765000286,3025.810941002419,475.0845982229264,3025.810941002419,3360.328229543666,4062.669728304753,1415.1570359928596,1423.513999000057,9.713735614700209,1423.513999000057,1423.5249826745112,1423.5252308206068,1393.0450788640542,1422.4593865001225,179.36805350781506,1422.4593865001225,1424.789430499004,1425.194799313831,92261.08174405017,92705.84723000138,660.209111166678,92705.84723000138,92708.00444615415,92708.12250683222
data/raw/baseline/llama/bench_runs_offload_paper1_rerun_offload12_20260319_143041/offload12_conc12_run4.json,offload12_conc12_run4.json,bench_runs_offload_paper1_rerun_offload12_20260319_143041,bench_runs_offload_paper1_rerun_offload12_20260319_143041,offload_paper1_rerun,llama31_8b_offload12,meta-llama/Llama-3.1-8B-Instruct,20260319-181514,12,12,4,20,1,256,64,0.0,inf,1.0,12,184.65957705600158,20,0,5100,1280,0.10830740716975981,6.931674058864628,34.55006288715338,3109.693706949838,3030.806153499725,473.96708467790205,3030.806153499725,3361.116199043682,4064.721023003729,1415.1840837008046,1423.6259658332747,9.797753741132714,1423.6259658332747,1423.6344263412263,1423.6345613317123,1393.0717169375157,1422.3421969982155,179.3794645659603,1422.3421969982155,1425.1962281476153,1425.6717355,92266.29098010053,92718.37385400067,664.2635805772248,92718.37385400067,92719.94311275157,92720.40353214827
data/raw/baseline/llama/bench_runs_offload_paper1_rerun_offload12_20260319_143041/offload12_conc12_run5.json,offload12_conc12_run5.json,bench_runs_offload_paper1_rerun_offload12_20260319_143041,bench_runs_offload_paper1_rerun_offload12_20260319_143041,offload_paper1_rerun,llama31_8b_offload12,meta-llama/Llama-3.1-8B-Instruct,20260319-181902,12,12,5,20,1,256,64,0.0,inf,1.0,12,184.63929575899965,20,0,5100,1280,0.10831930395848666,6.932435453343146,34.55385796275724,3105.3535619998,3023.2281960015825,476.17527950585117,3023.2281960015825,3361.5755817460017,4066.1022659452274,1415.0353901261822,1423.3193968254438,9.636594944052288,1423.3193968254438,1423.3249313095646,1423.325009601645,1392.9253187546806,1422.44724849661,179.35205225607012,1422.44724849661,1424.742580552629,1425.3602137040434,92252.58313994927,92691.28724450275,657.9010063184694,92691.28724450275,92692.6704954978,92692.70327430298
data/raw/baseline/llama/bench_runs_offload_paper1_rerun_offload12_20260319_143041/offload12_conc16_run1.json,offload12_conc16_run1.json,bench_runs_offload_paper1_rerun_offload12_20260319_143041,bench_runs_offload_paper1_rerun_offload12_20260319_143041,offload_paper1_rerun,llama31_8b_offload12,meta-llama/Llama-3.1-8B-Instruct,20260319-182250,12,16,1,20,1,256,64,0.0,inf,1.0,16,184.40054122699803,20,0,5100,1280,0.10845955151172737,6.941411296750552,34.59859693224103,3218.450028650477,3242.5735700016958,466.39300160504575,3242.5735700016958,3402.108052755285,4075.020378550615,1417.2975070936473,1423.888453023773,11.970779027289094,1423.888453023773,1423.8895640793219,1423.8896268095193,1395.152121699988,1423.5548469987407,179.5317142270721,1423.5548469987407,1425.51177350324,1427.1623800050293,92508.19297555026,92946.46711899986,807.4301924179921,92946.46711899986,92948.28711349728,92948.29114909815
data/raw/baseline/llama/bench_runs_offload_paper1_rerun_offload12_20260319_143041/offload12_conc16_run2.json,offload12_conc16_run2.json,bench_runs_offload_paper1_rerun_offload12_20260319_143041,bench_runs_offload_paper1_rerun_offload12_20260319_143041,offload_paper1_rerun,llama31_8b_offload12,meta-llama/Llama-3.1-8B-Instruct,20260319-182637,12,16,2,20,1,256,64,0.0,inf,1.0,16,184.38697403999686,20,0,5100,1280,0.10846753196167555,6.941922045547235,34.6011426957745,3217.9861063996213,3243.032136499096,466.3899681594919,3243.032136499096,3398.3767096502565,4072.261636328693,1417.2578000992091,1423.8753108570922,12.021983137151754,1423.8753108570922,1423.8762721745713,1423.8763414190514,1395.1130223531266,1423.6019825002586,179.52472762431185,1423.6019825002586,1425.512559951676,1427.1643108055287,92505.2275126498,92946.42780750291,811.067603145542,92946.42780750291,92948.10310419998,92948.24121443788
data/raw/baseline/llama/bench_runs_offload_paper1_rerun_offload12_20260319_143041/offload12_conc16_run3.json,offload12_conc16_run3.json,bench_runs_offload_paper1_rerun_offload12_20260319_143041,bench_runs_offload_paper1_rerun_offload12_20260319_143041,offload_paper1_rerun,llama31_8b_offload12,meta-llama/Llama-3.1-8B-Instruct,20260319-183024,12,16,3,20,1,256,64,0.0,inf,1.0,16,184.38504925800225,20,0,5100,1280,0.10846866424627975,6.941994511761904,34.601503894563244,3213.2272942501004,3236.296242001117,467.256232566724,3236.296242001117,3399.561901397102,4075.585357878734,1417.2241707960359,1423.8048845396581,11.947470282134583,1423.8048845396581,1423.808053627051,1423.808192960304,1395.0799214281403,1423.4829609958979,179.51795960052115,1423.4829609958979,1425.8418090481427,1426.8137138008751,92498.35005440036,92935.42156400144,806.0299028290754,92935.42156400144,92937.08978655231,92937.12727811224
data/raw/baseline/llama/bench_runs_offload_paper1_rerun_offload12_20260319_143041/offload12_conc16_run4.json,offload12_conc16_run4.json,bench_runs_offload_paper1_rerun_offload12_20260319_143041,bench_runs_offload_paper1_rerun_offload12_20260319_143041,offload_paper1_rerun,llama31_8b_offload12,meta-llama/Llama-3.1-8B-Instruct,20260319-183412,12,16,4,20,1,256,64,0.0,inf,1.0,16,184.39468533299805,20,0,5100,1280,0.10846299590404156,6.94163173785866,34.59969569338926,3213.8385129004746,3237.153499499982,467.05460463028777,3237.153499499982,3399.9176051980617,4075.281454642317,1417.3124221650633,1423.9087749841035,11.979362409458917,1423.9087749841035,1423.9096490404625,1423.9099987731872,1395.1667868476648,1423.5129739972763,179.53944437171512,1423.5129739972763,1426.0999200523656,1426.509556665842,92504.52110929946,92942.74448649958,807.1619895111224,92942.74448649958,92944.00428135159,92944.5530674683
data/raw/baseline/llama/bench_runs_offload_paper1_rerun_offload12_20260319_143041/offload12_conc16_run5.json,offload12_conc16_run5.json,bench_runs_offload_paper1_rerun_offload12_20260319_143041,bench_runs_offload_paper1_rerun_offload12_20260319_143041,offload_paper1_rerun,llama31_8b_offload12,meta-llama/Llama-3.1-8B-Instruct,20260319-183759,12,16,5,20,1,256,64,0.0,inf,1.0,16,184.36019051400217,20,0,5100,1280,0.10848328993498733,6.942930555839189,34.606169489260964,3213.838686600502,3237.169460997393,466.55634941331806,3237.169460997393,3399.487570752172,4072.1861693502424,1417.0153727849074,1423.590088142812,11.944198185517655,1423.590088142812,1423.5941857777236,1423.5942661206307,1394.8743983554778,1423.294194501068,179.49661620831108,1423.294194501068,1425.0719543520972,1426.5240096968046,92485.80717204968,92922.96909099969,805.7434573032352,92922.96909099969,92924.68948805217,92924.69930801373
data/raw/baseline/llama/bench_runs_offload_paper1_rerun_offload16_20260319_100246/offload16_conc1_run1.json,offload16_conc1_run1.json,bench_runs_offload_paper1_rerun_offload16_20260319_100246,bench_runs_offload_paper1_rerun_offload16_20260319_100246,offload_paper1_rerun,llama31_8b_offload16,meta-llama/Llama-3.1-8B-Instruct,20260319-101649,16,1,1,20,1,256,64,0.0,inf,1.0,1,795.5951316699993,20,0,5100,1280,0.025138414256028523,1.6088585123858254,8.019154147673099,3710.8497952000107,3827.6402989995404,510.3888088817853,3827.6402989995404,3831.215428800624,3832.085306561403,572.5182722880971,572.4940555793572,0.09449312788756625,572.4940555793572,572.5908897610925,572.8517381553845,563.57246160469,572.416071000589,71.00762526726962,572.416071000589,573.9197999007047,574.5773138907134,39779.50094935013,39895.28377900024,510.54723514190016,39895.28377900024,39905.30184245035,39918.285066089666
data/raw/baseline/llama/bench_runs_offload_paper1_rerun_offload16_20260319_100246/offload16_conc1_run2.json,offload16_conc1_run2.json,bench_runs_offload_paper1_rerun_offload16_20260319_100246,bench_runs_offload_paper1_rerun_offload16_20260319_100246,offload_paper1_rerun,llama31_8b_offload16,meta-llama/Llama-3.1-8B-Instruct,20260319-103005,16,1,2,20,1,256,64,0.0,inf,1.0,1,751.0403261489992,20,0,5100,1280,0.026629728529426785,1.7043026258833143,8.494883400887144,1484.8101529501037,1484.5277859994894,2.50419928482032,1484.5277859994894,1487.6693267990959,1491.8688861604642,572.4912833531749,572.4920341587374,0.019471664765566762,572.4920341587374,572.5226290904637,572.5268191514191,563.545897186718,572.4154230001659,71.00068104837976,572.4154230001659,573.7701701998958,574.3908812004156,37551.761004200125,37551.55302099956,2.84645270701279,37551.55302099956,37556.46482424836,37558.95030165073
data/raw/baseline/llama/bench_runs_offload_paper1_rerun_offload16_20260319_100246/offload16_conc1_run3.json,offload16_conc1_run3.json,bench_runs_offload_paper1_rerun_offload16_20260319_100246,bench_runs_offload_paper1_rerun_offload16_20260319_100246,offload_paper1_rerun,llama31_8b_offload16,meta-llama/Llama-3.1-8B-Instruct,20260319-104321,16,1,3,20,1,256,64,0.0,inf,1.0,1,751.0519978129996,20,0,5100,1280,0.026629314692242775,1.7042761403035376,8.494751386825445,1484.803025149904,1484.7799174995089,2.244110922375261,1484.7799174995089,1487.5551144998099,1489.9622245004502,572.5007470436501,572.4904447381251,0.04170082787443148,572.4904447381251,572.5484983206275,572.6315342799836,563.5552211718746,572.4127950006732,71.0022946722183,572.4127950006732,573.7730561504577,574.47848804979,37552.35008889985,37551.86462999882,2.9472561546030716,37551.86462999882,37557.093162951336,37559.59138858953
data/raw/baseline/llama/bench_runs_offload_paper1_rerun_offload16_20260319_100246/offload16_conc1_run4.json,offload16_conc1_run4.json,bench_runs_offload_paper1_rerun_offload16_20260319_100246,bench_runs_offload_paper1_rerun_offload16_20260319_100246,offload_paper1_rerun,llama31_8b_offload16,meta-llama/Llama-3.1-8B-Instruct,20260319-105638,16,1,4,20,1,256,64,0.0,inf,1.0,1,751.0594906660008,20,0,5100,1280,0.026629049028146935,1.7042591378014038,8.494666639978872,1486.0334374498052,1485.8240359990305,2.4712684587327907,1485.8240359990305,1489.8586424518726,1491.351228489366,572.4873349198368,572.4864646904784,0.017260191535889736,572.4864646904784,572.5146042040093,572.5191315963532,563.5420208234422,572.4177280008007,70.99997311367437,572.4177280008007,573.7952767012757,574.480697349245,37552.73553739953,37552.27975449998,2.6991196641985313,37552.27975449998,37556.24479759881,37558.737135518786
data/raw/baseline/llama/bench_runs_offload_paper1_rerun_offload16_20260319_100246/offload16_conc1_run5.json,offload16_conc1_run5.json,bench_runs_offload_paper1_rerun_offload16_20260319_100246,bench_runs_offload_paper1_rerun_offload16_20260319_100246,offload_paper1_rerun,llama31_8b_offload16,meta-llama/Llama-3.1-8B-Instruct,20260319-110954,16,1,5,20,1,256,64,0.0,inf,1.0,1,751.0481617490004,20,0,5100,1280,0.026629450704499534,1.7042848450879702,8.494794774735352,1486.1313920000612,1486.1756435002462,2.5000713983420884,1486.1756435002462,1489.4930650991228,1490.9705066195238,572.4765275666609,572.4750895555305,0.02223973302794471,572.4750895555305,572.5061025603339,572.5266561691982,563.5314095140615,572.4233229993843,70.99884075826787,572.4233229993843,573.6757314505667,574.4645527424291,37552.152628699696,37552.37489799947,2.845377812535799,37552.37489799947,37556.56708254919,37556.77961730766
data/raw/baseline/llama/bench_runs_offload_paper1_rerun_offload16_20260319_100246/offload16_conc2_run1.json,offload16_conc2_run1.json,bench_runs_offload_paper1_rerun_offload16_20260319_100246,bench_runs_offload_paper1_rerun_offload16_20260319_100246,offload_paper1_rerun,llama31_8b_offload16,meta-llama/Llama-3.1-8B-Instruct,20260319-112628,16,2,1,20,1,256,64,0.0,inf,1.0,2,948.2535885360012,20,0,5100,1280,0.021091404495371106,1.3498498877037508,6.728158034023383,2802.190452949617,2626.2058960001013,714.3692731840855,2626.2058960001013,3531.1209496496303,3535.949117930286,1459.7710649658684,1463.2295948809367,10.04600491785123,1463.2295948809367,1477.8142970912807,1477.8169666817387,1436.961909813283,1477.6993414998287,220.14715207500703,1477.6993414998287,1479.4103772002927,1480.480603659089,94767.76754579933,94809.4378074984,168.96272436224717,94809.4378074984,94851.64001029916,95097.33412205882
data/raw/baseline/llama/bench_runs_offload_paper1_rerun_offload16_20260319_100246/offload16_conc2_run2.json,offload16_conc2_run2.json,bench_runs_offload_paper1_rerun_offload16_20260319_100246,bench_runs_offload_paper1_rerun_offload16_20260319_100246,offload_paper1_rerun,llama31_8b_offload16,meta-llama/Llama-3.1-8B-Instruct,20260319-114302,16,2,2,20,1,256,64,0.0,inf,1.0,2,948.449128278,20,0,5100,1280,0.021087056125310494,1.3495715920198716,6.726770903974049,2961.072074850017,2796.563125499233,581.7126459770784,2796.563125499233,3528.736825951819,3529.6694667906922,1457.5594959341215,1463.175808809504,8.354372947492568,1463.175808809504,1464.1168554880949,1474.9362443801742,1434.7848753828146,1477.6232114982122,224.04268307213988,1477.6232114982122,1479.3626640532239,1480.29045381998,94787.32031869967,94809.05526099923,155.40327561523026,94809.05526099923,94838.56121379958,95091.75362996003
data/raw/baseline/llama/bench_runs_offload_paper1_rerun_offload16_20260319_100246/offload16_conc2_run3.json,offload16_conc2_run3.json,bench_runs_offload_paper1_rerun_offload16_20260319_100246,bench_runs_offload_paper1_rerun_offload16_20260319_100246,offload_paper1_rerun,llama31_8b_offload16,meta-llama/Llama-3.1-8B-Instruct,20260319-115934,16,2,3,20,1,256,64,0.0,inf,1.0,2,947.5636936750016,20,0,5100,1280,0.021106760562377206,1.3508326759921412,6.7330566193983294,2327.228064749943,2336.868088999836,847.0415967795545,2336.868088999836,3529.303843599155,3529.4209991188472,1466.2160067039667,1463.4285672460492,11.667638322331335,1463.4285672460492,1477.841228245225,1477.8453941188877,1443.3061545367168,1477.6165019993641,207.79324748680025,1477.6165019993641,1479.4872300033603,1480.143171219388,94698.83648709983,94701.55642350073,179.23787118330557,94701.55642350073,94837.01385400073,95081.75650199909
data/raw/baseline/llama/bench_runs_offload_paper1_rerun_offload16_20260319_100246/offload16_conc2_run4.json,offload16_conc2_run4.json,bench_runs_offload_paper1_rerun_offload16_20260319_100246,bench_runs_offload_paper1_rerun_offload16_20260319_100246,offload_paper1_rerun,llama31_8b_offload16,meta-llama/Llama-3.1-8B-Instruct,20260319-121608,16,2,4,20,1,256,64,0.0,inf,1.0,2,948.4474427820023,20,0,5100,1280,0.021087093599341317,1.3495739903578443,6.72678285818988,2371.9533860999945,2337.0518635001645,784.1963179089373,2337.0518635001645,3527.9351399023653,3532.757201580207,1466.9077265563508,1463.4453094444727,10.996165966222982,1463.4453094444727,1477.7142879809817,1477.742833532722,1443.9870457914055,1477.6206590013317,206.34201462371493,1477.6206590013317,1479.5287827473658,1480.1011890602967,94787.14015915012,94806.08091949944,250.46434591805667,94806.08091949944,95146.40951279743,95157.49476335947
data/raw/baseline/llama/bench_runs_offload_paper1_rerun_offload16_20260319_100246/offload16_conc2_run5.json,offload16_conc2_run5.json,bench_runs_offload_paper1_rerun_offload16_20260319_100246,bench_runs_offload_paper1_rerun_offload16_20260319_100246,offload_paper1_rerun,llama31_8b_offload16,meta-llama/Llama-3.1-8B-Instruct,20260319-123241,16,2,5,20,1,256,64,0.0,inf,1.0,2,947.7896093249983,20,0,5100,1280,0.02110172954337799,1.3505106907761915,6.731451724337579,2485.6106908002403,2622.967953000625,835.3311392141094,2622.967953000625,3528.1908081995425,3530.278850440627,1464.060809201588,1463.3679175078994,11.538044857144085,1463.3679175078994,1477.7941617460249,1477.799623612685,1441.1846341945336,1477.663586001654,212.01448905651233,1477.663586001654,1479.4536669998706,1480.5967028700616,94721.44167050028,94805.35514350049,179.40739786274895,94805.35514350049,94837.73453125286,95091.16272145002
data/raw/baseline/llama/bench_runs_offload_paper1_rerun_offload16_20260319_100246/offload16_conc4_run1.json,offload16_conc4_run1.json,bench_runs_offload_paper1_rerun_offload16_20260319_100246,bench_runs_offload_paper1_rerun_offload16_20260319_100246,offload_paper1_rerun,llama31_8b_offload16,meta-llama/Llama-3.1-8B-Instruct,20260319-124129,16,4,1,20,1,256,64,0.0,inf,1.0,4,482.2218883659989,20,0,5100,1280,0.041474683091988374,2.654379717887256,13.230423906344292,3459.04754860112,3545.018875001915,621.5663978314885,3545.018875001915,4425.51429804862,4428.1277564109405,1473.6079814849088,1476.3826743412558,5.594088050995753,1476.3826743412558,1476.4930327666632,1476.4964053088884,1450.5826476507734,1476.3788749987725,189.61450130456086,1476.3788749987725,1478.3839710020402,1478.9795813906312,96296.35038215038,96560.31617450026,548.9200416066675,96560.31617450026,96563.09720095177,96564.60801938931
data/raw/baseline/llama/bench_runs_offload_paper1_rerun_offload16_20260319_100246/offload16_conc4_run2.json,offload16_conc4_run2.json,bench_runs_offload_paper1_rerun_offload16_20260319_100246,bench_runs_offload_paper1_rerun_offload16_20260319_100246,offload_paper1_rerun,llama31_8b_offload16,meta-llama/Llama-3.1-8B-Instruct,20260319-125016,16,4,2,20,1,256,64,0.0,inf,1.0,4,482.1895774629993,20,0,5100,1280,0.041477462257123746,2.6545575844559197,13.231310460022474,3458.9275382495543,3547.736703996634,621.2820763908117,3547.736703996634,4421.9431635992805,4430.608343120184,1473.5079546571453,1476.2189201428555,5.576356685928511,1476.2189201428555,1476.5586693904663,1476.5594394273112,1450.4842006257804,1476.2595594984305,189.60398442948932,1476.2595594984305,1478.2381349523348,1479.4682674898286,96289.92868164969,96550.50681149805,549.2568264514955,96550.50681149805,96562.04563959963,96566.78540392034
data/raw/baseline/llama/bench_runs_offload_paper1_rerun_offload16_20260319_100246/offload16_conc4_run3.json,offload16_conc4_run3.json,bench_runs_offload_paper1_rerun_offload16_20260319_100246,bench_runs_offload_paper1_rerun_offload16_20260319_100246,offload_paper1_rerun,llama31_8b_offload16,meta-llama/Llama-3.1-8B-Instruct,20260319-125859,16,4,3,20,1,256,64,0.0,inf,1.0,4,477.7400859510017,20,0,5100,1280,0.04186376774347392,2.6792811355823307,13.354541910168178,2757.543444300245,2633.252569999968,943.332791672393,2633.252569999968,4447.817835950809,4447.85429999054,1470.136666404762,1476.6090794999775,11.585490592573617,1476.6090794999775,1476.713749824598,1476.7137715268484,1447.1656121359415,1476.4286004992755,197.3317500606474,1476.4286004992755,1478.5449957975288,1483.449145709128,95376.15342780028,95662.29600600127,423.484306398935,95662.29600600127,95666.33413940054,95667.84616548083
data/raw/baseline/llama/bench_runs_offload_paper1_rerun_offload16_20260319_100246/offload16_conc4_run4.json,offload16_conc4_run4.json,bench_runs_offload_paper1_rerun_offload16_20260319_100246,bench_runs_offload_paper1_rerun_offload16_20260319_100246,offload_paper1_rerun,llama31_8b_offload16,meta-llama/Llama-3.1-8B-Instruct,20260319-130745,16,4,4,20,1,256,64,0.0,inf,1.0,4,480.17124626499935,20,0,5100,1280,0.041651806840933364,2.6657156378197353,13.286926382257743,3008.153565849898,3548.318515999199,951.0305134014142,3548.318515999199,4427.766516898555,4428.803276979161,1474.2566729754003,1476.3446533254157,4.992276800852005,1476.3446533254157,1476.4084819817592,1476.4924576026892,1451.221250432812,1476.2135399996623,188.01072502494787,1476.2135399996623,1478.0000318023667,1479.526712899933,95886.32396330012,96555.49521299872,869.3703635993318,96555.49521299872,96559.46529160228,96559.51726952005
data/raw/baseline/llama/bench_runs_offload_paper1_rerun_offload16_20260319_100246/offload16_conc4_run5.json,offload16_conc4_run5.json,bench_runs_offload_paper1_rerun_offload16_20260319_100246,bench_runs_offload_paper1_rerun_offload16_20260319_100246,offload_paper1_rerun,llama31_8b_offload16,meta-llama/Llama-3.1-8B-Instruct,20260319-131636,16,4,5,20,1,256,64,0.0,inf,1.0,4,485.8191015379998,20,0,5100,1280,0.041167586734824256,2.6347255510287524,13.132460168408938,3852.401660649957,4435.683071000312,977.9925215425068,4435.683071000312,4460.391068150238,4460.500419227792,1476.4348314666663,1476.399694436536,0.11579455297159737,1476.399694436536,1476.710517463468,1476.7125615498142,1453.3653276593725,1476.3815905007505,183.1131415159489,1476.3815905007505,1478.1738691011924,1479.6067676998064,96867.79604304994,97450.86316250126,979.3492541718,97450.86316250126,97473.00895769967,97473.09849633765
data/raw/baseline/llama/bench_runs_offload_paper1_rerun_offload16_20260319_100246/offload16_conc8_run1.json,offload16_conc8_run1.json,bench_runs_offload_paper1_rerun_offload16_20260319_100246,bench_runs_offload_paper1_rerun_offload16_20260319_100246,offload_paper1_rerun,llama31_8b_offload16,meta-llama/Llama-3.1-8B-Instruct,20260319-132212,16,8,1,20,1,256,64,0.0,inf,1.0,8,290.7755096059991,20,0,5100,1280,0.06878158352159715,4.4020213453822175,21.941325143389488,3530.733920699822,3548.2030715011206,541.022826752108,3548.2030715011206,4446.150769597989,4446.439654718088,1481.2626924650792,1485.1149655555455,6.571871618058196,1485.1149655555455,1485.2222222143032,1485.222323909508,1458.1177903203184,1485.0118379999913,188.9706262074852,1485.0118379999913,1486.359188550341,1487.7864450907146,96850.28354599982,97082.11434700024,653.4025309665867,97082.11434700024,97133.93576859926,97133.98961612074
data/raw/baseline/llama/bench_runs_offload_paper1_rerun_offload16_20260319_100246/offload16_conc8_run2.json,offload16_conc8_run2.json,bench_runs_offload_paper1_rerun_offload16_20260319_100246,bench_runs_offload_paper1_rerun_offload16_20260319_100246,offload_paper1_rerun,llama31_8b_offload16,meta-llama/Llama-3.1-8B-Instruct,20260319-132748,16,8,2,20,1,256,64,0.0,inf,1.0,8,290.7389479199992,20,0,5100,1280,0.06879023310459001,4.402574918693761,21.944084360364215,3529.7601234506146,3546.605070001533,539.8383195619504,3546.605070001533,4442.09582320309,4442.260685442852,1481.0184764571363,1484.6898778015736,6.452448402225292,1484.6898778015736,1484.9652111976156,1484.9653662014152,1457.8774192968694,1484.4126205007342,188.93464876637626,1484.4126205007342,1486.2274024981161,1487.1763508018557,96833.92414025021,97069.65896200018,652.7048985263291,97069.65896200018,97101.8481174995,97102.18077710047
data/raw/baseline/llama/bench_runs_offload_paper1_rerun_offload16_20260319_100246/offload16_conc8_run3.json,offload16_conc8_run3.json,bench_runs_offload_paper1_rerun_offload16_20260319_100246,bench_runs_offload_paper1_rerun_offload16_20260319_100246,offload_paper1_rerun,llama31_8b_offload16,meta-llama/Llama-3.1-8B-Instruct,20260319-133324,16,8,3,20,1,256,64,0.0,inf,1.0,8,290.76500044800196,20,0,5100,1280,0.06878406950349802,4.4021804482238736,21.94211817161587,3530.328834649845,3551.9073864998063,540.9254427897735,3551.9073864998063,4445.433075750225,4446.57536714938,1481.1455858127,1484.94103894443,6.466836500775827,1484.94103894443,1484.9953603730453,1484.9955385507928,1458.0025237859388,1484.5861044996127,188.9501049962006,1484.5861044996127,1486.6971646993989,1487.3493181989397,96842.50074084994,97069.28702249934,650.8991627993541,97069.28702249934,97118.60984824998,97119.06896805005
data/raw/baseline/llama/bench_runs_offload_paper1_rerun_offload16_20260319_100246/offload16_conc8_run4.json,offload16_conc8_run4.json,bench_runs_offload_paper1_rerun_offload16_20260319_100246,bench_runs_offload_paper1_rerun_offload16_20260319_100246,offload_paper1_rerun,llama31_8b_offload16,meta-llama/Llama-3.1-8B-Instruct,20260319-133900,16,8,4,20,1,256,64,0.0,inf,1.0,8,290.76581747900127,20,0,5100,1280,0.06878387622521817,4.402168078413963,21.942056515844595,3529.2699214000095,3548.812352999448,540.6480838651352,3548.812352999448,4445.119035398966,4445.144136680319,1481.2028075134908,1485.059386865061,6.533180574584877,1485.059386865061,1485.0955414690202,1485.0955818938319,1458.0588356492171,1484.6197184997436,188.95510752155693,1484.6197184997436,1487.0168364977872,1487.3940291003964,96845.04679474994,97076.77679600056,653.1177510746984,97076.77679600056,97123.3006611501,97123.70857063051
data/raw/baseline/llama/bench_runs_offload_paper1_rerun_offload16_20260319_100246/offload16_conc8_run5.json,offload16_conc8_run5.json,bench_runs_offload_paper1_rerun_offload16_20260319_100246,bench_runs_offload_paper1_rerun_offload16_20260319_100246,offload_paper1_rerun,llama31_8b_offload16,meta-llama/Llama-3.1-8B-Instruct,20260319-134436,16,8,5,20,1,256,64,0.0,inf,1.0,8,290.788861686,20,0,5100,1280,0.06877842529469518,4.401819218860491,21.94031766900776,3531.453366849746,3550.190764000945,540.5509383846278,3550.190764000945,4445.219357847054,4448.005044370038,1481.3325152008013,1485.1223966269904,6.600016455774771,1485.1223966269904,1485.3995096198732,1485.399741974778,1458.1865381382784,1484.839798999019,188.9759831231023,1484.839798999019,1486.855908400321,1489.1519682993749,96855.40182450022,97081.40904250104,652.311396253656,97081.40904250104,97146.39285805079,97146.43570761004
data/raw/baseline/llama/bench_runs_offload_paper1_rerun_offload16_20260319_100246/offload16_conc12_run1.json,offload16_conc12_run1.json,bench_runs_offload_paper1_rerun_offload16_20260319_100246,bench_runs_offload_paper1_rerun_offload16_20260319_100246,offload_paper1_rerun,llama31_8b_offload16,meta-llama/Llama-3.1-8B-Instruct,20260319-134836,16,12,1,20,1,256,64,0.0,inf,1.0,12,194.8767306669979,20,0,5100,1280,0.10262897951718856,6.568254689100068,32.73864446598315,3290.1958183501847,3199.5873835003295,505.18996158867725,3199.5873835003295,3568.849694998426,4298.093695800998,1493.1789896722314,1501.5291447301615,9.748311163206477,1501.5291447301615,1501.5348503571427,1501.5349194809785,1469.8479361117222,1500.1197379988298,189.19798397508404,1500.1197379988298,1502.9250395022245,1511.1643123117756,97360.47216770075,97794.64292599914,681.5907742895831,97794.64292599914,97796.29113334976,97796.5090002699
data/raw/baseline/llama/bench_runs_offload_paper1_rerun_offload16_20260319_100246/offload16_conc12_run2.json,offload16_conc12_run2.json,bench_runs_offload_paper1_rerun_offload16_20260319_100246,bench_runs_offload_paper1_rerun_offload16_20260319_100246,offload_paper1_rerun,llama31_8b_offload16,meta-llama/Llama-3.1-8B-Instruct,20260319-135236,16,12,2,20,1,256,64,0.0,inf,1.0,12,194.8401891100002,20,0,5100,1280,0.10264822720280092,6.569486540979259,32.74478447769349,3290.728663900154,3202.517445499325,504.17124986854446,3202.517445499325,3565.916642349658,4295.211720470869,1492.8123773785799,1500.838630198424,9.417290800380949,1500.838630198424,1500.8456278341298,1500.8458016810912,1469.4870506976627,1499.8021395003889,189.12166453804082,1499.8021395003889,1502.0365324973682,1502.4883636006416,97337.90843875067,97754.47679200079,674.6023657754441,97754.47679200079,97755.63686679852,97755.822577359
data/raw/baseline/llama/bench_runs_offload_paper1_rerun_offload16_20260319_100246/offload16_conc12_run3.json,offload16_conc12_run3.json,bench_runs_offload_paper1_rerun_offload16_20260319_100246,bench_runs_offload_paper1_rerun_offload16_20260319_100246,offload_paper1_rerun,llama31_8b_offload16,meta-llama/Llama-3.1-8B-Instruct,20260319-135636,16,12,3,20,1,256,64,0.0,inf,1.0,12,194.88324843600276,20,0,5100,1280,0.10262554714428292,6.568035017234107,32.73754953902625,3293.7226861002273,3203.056905500489,507.4845919551696,3203.056905500489,3570.9948295989316,4317.101065919267,1493.1574953928553,1501.4368068809526,9.679206776892842,1501.4368068809526,1501.4420613499976,1501.442129882679,1469.8267793140644,1500.1756964993547,189.190610470976,1500.1756964993547,1502.342465451511,1503.1568378998054,97362.6448958501,97792.02179200001,683.714146229183,97792.02179200001,97793.9764127008,97794.40672014178
data/raw/baseline/llama/bench_runs_offload_paper1_rerun_offload16_20260319_100246/offload16_conc12_run4.json,offload16_conc12_run4.json,bench_runs_offload_paper1_rerun_offload16_20260319_100246,bench_runs_offload_paper1_rerun_offload16_20260319_100246,offload_paper1_rerun,llama31_8b_offload16,meta-llama/Llama-3.1-8B-Instruct,20260319-140036,16,12,4,20,1,256,64,0.0,inf,1.0,12,194.85398613099824,20,0,5100,1280,0.10264095899251563,6.569021375521,32.74246591861249,3292.2425633993043,3203.3483139985037,504.4830155867388,3203.3483139985037,3568.311039497167,4298.694075098428,1492.8958071341358,1500.9367134126867,9.433878967909136,1500.9367134126867,1500.942782684121,1500.9436440415677,1469.569199214851,1499.9760804985272,189.1353638964427,1499.9760804985272,1502.305104000152,1502.9531556890652,97344.67841284985,97760.81029249872,674.6736346994154,97760.81029249872,97762.85127594929,97763.09426239059
data/raw/baseline/llama/bench_runs_offload_paper1_rerun_offload16_20260319_100246/offload16_conc12_run5.json,offload16_conc12_run5.json,bench_runs_offload_paper1_rerun_offload16_20260319_100246,bench_runs_offload_paper1_rerun_offload16_20260319_100246,offload_paper1_rerun,llama31_8b_offload16,meta-llama/Llama-3.1-8B-Instruct,20260319-140436,16,12,5,20,1,256,64,0.0,inf,1.0,12,194.84149704499941,20,0,5100,1280,0.10264753814420201,6.5694424412289285,32.74456466800044,3290.9725550995063,3204.198096500477,502.80599314855476,3204.198096500477,3564.2016090481784,4291.087801810935,1492.8614168547679,1501.045043436534,9.575615726120622,1501.045043436534,1501.050123197632,1501.050229947447,1469.5353232265772,1499.8939120014256,189.13292543447076,1499.8939120014256,1502.2352240002874,1503.109862311394,97341.24181694987,97768.86097450006,678.5675474414579,97768.86097450006,97770.4205402526,97770.88010084939
data/raw/baseline/llama/bench_runs_offload_paper1_rerun_offload16_20260319_100246/offload16_conc16_run1.json,offload16_conc16_run1.json,bench_runs_offload_paper1_rerun_offload16_20260319_100246,bench_runs_offload_paper1_rerun_offload16_20260319_100246,offload_paper1_rerun,llama31_8b_offload16,meta-llama/Llama-3.1-8B-Instruct,20260319-140836,16,16,1,20,1,256,64,0.0,inf,1.0,16,194.57204312199974,20,0,5100,1280,0.10278969002478781,6.57854016158642,32.78991111790731,3419.7018828495857,3452.472699500504,494.632209761294,3452.472699500504,3594.1029315496057,4301.174639908749,1494.6491582460387,1501.1872059127086,11.883959710512801,1501.1872059127086,1501.1911642785903,1501.1913649065064,1471.295118809374,1500.7087955000316,189.2227404136557,1500.7087955000316,1502.8384679510054,1503.549241899891,97582.59885235001,98026.51156299908,828.4025905458085,98026.51156299908,98028.47868600057,98028.50391800192
data/raw/baseline/llama/bench_runs_offload_paper1_rerun_offload16_20260319_100246/offload16_conc16_run2.json,offload16_conc16_run2.json,bench_runs_offload_paper1_rerun_offload16_20260319_100246,bench_runs_offload_paper1_rerun_offload16_20260319_100246,offload_paper1_rerun,llama31_8b_offload16,meta-llama/Llama-3.1-8B-Instruct,20260319-141236,16,16,2,20,1,256,64,0.0,inf,1.0,16,194.60505190899858,20,0,5100,1280,0.1027722549019561,6.57742431372519,32.78434931372399,3425.775663549757,3460.1027195003553,493.8499951411263,3460.1027195003553,3593.068489648613,4302.529031530902,1494.838612453171,1501.3670910952249,11.866363323507674,1501.3670910952249,1501.367978496025,1501.370519127789,1471.4816173484337,1500.9511825010122,189.2452195460669,1500.9511825010122,1503.0344692990184,1510.0798004987882,97600.60824809952,98045.34796699772,829.8125292489264,98045.34796699772,98047.13810809772,98047.50578241888
data/raw/baseline/llama/bench_runs_offload_paper1_rerun_offload16_20260319_100246/offload16_conc16_run3.json,offload16_conc16_run3.json,bench_runs_offload_paper1_rerun_offload16_20260319_100246,bench_runs_offload_paper1_rerun_offload16_20260319_100246,offload_paper1_rerun,llama31_8b_offload16,meta-llama/Llama-3.1-8B-Instruct,20260319-141635,16,16,3,20,1,256,64,0.0,inf,1.0,16,194.6046148280002,20,0,5100,1280,0.10277248572793019,6.577439086587532,32.78442294720973,3424.1121543996996,3457.7995505005674,494.12510080160604,3457.7995505005674,3594.0860247983446,4303.216409759805,1494.7259093055593,1501.1759375793479,11.719453827966007,1501.1759375793479,1501.1770054959982,1501.1789738356945,1471.3706908273537,1500.9145150015684,189.2264000400181,1500.9145150015684,1502.7759184993556,1504.8185963003925,97591.84444064995,98031.16197650161,823.048754091304,98031.16197650161,98032.86481065098,98032.94633812901
data/raw/baseline/llama/bench_runs_offload_paper1_rerun_offload16_20260319_100246/offload16_conc16_run4.json,offload16_conc16_run4.json,bench_runs_offload_paper1_rerun_offload16_20260319_100246,bench_runs_offload_paper1_rerun_offload16_20260319_100246,offload_paper1_rerun,llama31_8b_offload16,meta-llama/Llama-3.1-8B-Instruct,20260319-142035,16,16,4,20,1,256,64,0.0,inf,1.0,16,194.57917005700074,20,0,5100,1280,0.10278592510257457,6.578299206564773,32.78871010772129,3419.977718449627,3453.3723694985383,494.0798923387206,3453.3723694985383,3590.369069999543,4300.113872399342,1494.6843172571344,1501.200186682538,11.839648219488993,1501.200186682538,1501.2012424444038,1501.2014212253746,1471.3297334289023,1501.039568998749,189.22663687641764,1501.039568998749,1502.280676450755,1504.8137326985307,97585.08970564908,98028.32624049915,827.6772248908808,98028.32624049915,98029.82588135145,98030.04020666896
data/raw/baseline/llama/bench_runs_offload_paper1_rerun_offload16_20260319_100246/offload16_conc16_run5.json,offload16_conc16_run5.json,bench_runs_offload_paper1_rerun_offload16_20260319_100246,bench_runs_offload_paper1_rerun_offload16_20260319_100246,offload_paper1_rerun,llama31_8b_offload16,meta-llama/Llama-3.1-8B-Instruct,20260319-142435,16,16,5,20,1,256,64,0.0,inf,1.0,16,194.6205883770017,20,0,5100,1280,0.10276405064225672,6.57689924110443,32.78173215487989,3420.21406119984,3453.9035689995217,493.83474434926825,3453.9035689995217,3590.1038978017828,4297.943255557946,1495.0913076262,1501.6546203492217,11.92881582141612,1501.6546203492217,1501.655689333324,1501.655831441272,1471.7303278625025,1500.883608001459,189.2967914480499,1500.883608001459,1503.3521430013934,1522.6364487990577,97610.96644165045,98057.71427099899,831.5082599153733,98057.71427099899,98058.90609800008,98059.24466280012
